problem,row,session,arm,p_bearish,p_bullish,p_neutral_band
preopen,120,2026-02-24,PRIOR,0.4508196721,0.4262295082,0.1229508197
preopen,121,2026-02-25,PRIOR,0.4508196721,0.4262295082,0.1229508197
preopen,122,2026-02-26,PRIOR,0.4508196721,0.4262295082,0.1229508197
preopen,123,2026-02-27,PRIOR,0.4508196721,0.4262295082,0.1229508197
preopen,124,2026-03-02,PRIOR,0.4508196721,0.4262295082,0.1229508197
preopen,125,2026-03-03,PRIOR,0.4508196721,0.4262295082,0.1229508197
preopen,126,2026-03-04,PRIOR,0.4508196721,0.4262295082,0.1229508197
preopen,127,2026-03-05,PRIOR,0.4508196721,0.4262295082,0.1229508197
preopen,128,2026-03-06,PRIOR,0.4508196721,0.4262295082,0.1229508197
preopen,129,2026-03-09,PRIOR,0.4508196721,0.4262295082,0.1229508197
preopen,130,2026-03-10,PRIOR,0.4508196721,0.4262295082,0.1229508197
preopen,131,2026-03-11,PRIOR,0.4508196721,0.4262295082,0.1229508197
preopen,132,2026-03-12,PRIOR,0.4508196721,0.4262295082,0.1229508197
preopen,133,2026-03-13,PRIOR,0.4508196721,0.4262295082,0.1229508197
preopen,134,2026-03-16,PRIOR,0.4508196721,0.4262295082,0.1229508197
preopen,135,2026-03-17,PRIOR,0.4508196721,0.4262295082,0.1229508197
preopen,136,2026-03-18,PRIOR,0.4508196721,0.4262295082,0.1229508197
preopen,137,2026-03-19,PRIOR,0.4508196721,0.4262295082,0.1229508197
preopen,138,2026-03-20,PRIOR,0.4508196721,0.4262295082,0.1229508197
preopen,139,2026-03-23,PRIOR,0.4508196721,0.4262295082,0.1229508197
preopen,140,2026-03-24,PRIOR,0.4225352113,0.4436619718,0.1338028169
preopen,141,2026-03-25,PRIOR,0.4225352113,0.4436619718,0.1338028169
preopen,142,2026-03-26,PRIOR,0.4225352113,0.4436619718,0.1338028169
preopen,143,2026-03-27,PRIOR,0.4225352113,0.4436619718,0.1338028169
preopen,144,2026-03-30,PRIOR,0.4225352113,0.4436619718,0.1338028169
preopen,145,2026-03-31,PRIOR,0.4225352113,0.4436619718,0.1338028169
preopen,146,2026-04-01,PRIOR,0.4225352113,0.4436619718,0.1338028169
preopen,147,2026-04-02,PRIOR,0.4225352113,0.4436619718,0.1338028169
preopen,148,2026-04-06,PRIOR,0.4225352113,0.4436619718,0.1338028169
preopen,149,2026-04-07,PRIOR,0.4225352113,0.4436619718,0.1338028169
preopen,150,2026-04-08,PRIOR,0.4225352113,0.4436619718,0.1338028169
preopen,151,2026-04-09,PRIOR,0.4225352113,0.4436619718,0.1338028169
preopen,152,2026-04-10,PRIOR,0.4225352113,0.4436619718,0.1338028169
preopen,153,2026-04-13,PRIOR,0.4225352113,0.4436619718,0.1338028169
preopen,154,2026-04-14,PRIOR,0.4225352113,0.4436619718,0.1338028169
preopen,155,2026-04-15,PRIOR,0.4225352113,0.4436619718,0.1338028169
preopen,156,2026-04-16,PRIOR,0.4225352113,0.4436619718,0.1338028169
preopen,157,2026-04-17,PRIOR,0.4225352113,0.4436619718,0.1338028169
preopen,158,2026-04-20,PRIOR,0.4225352113,0.4436619718,0.1338028169
preopen,159,2026-04-21,PRIOR,0.4225352113,0.4436619718,0.1338028169
preopen,160,2026-04-22,PRIOR,0.4320987654,0.4259259259,0.1419753086
preopen,161,2026-04-23,PRIOR,0.4320987654,0.4259259259,0.1419753086
preopen,162,2026-04-24,PRIOR,0.4320987654,0.4259259259,0.1419753086
preopen,163,2026-04-27,PRIOR,0.4320987654,0.4259259259,0.1419753086
preopen,164,2026-04-28,PRIOR,0.4320987654,0.4259259259,0.1419753086
preopen,165,2026-04-29,PRIOR,0.4320987654,0.4259259259,0.1419753086
preopen,166,2026-04-30,PRIOR,0.4320987654,0.4259259259,0.1419753086
preopen,167,2026-05-01,PRIOR,0.4320987654,0.4259259259,0.1419753086
preopen,168,2026-05-04,PRIOR,0.4320987654,0.4259259259,0.1419753086
preopen,169,2026-05-05,PRIOR,0.4320987654,0.4259259259,0.1419753086
preopen,170,2026-05-06,PRIOR,0.4320987654,0.4259259259,0.1419753086
preopen,171,2026-05-07,PRIOR,0.4320987654,0.4259259259,0.1419753086
preopen,172,2026-05-08,PRIOR,0.4320987654,0.4259259259,0.1419753086
preopen,173,2026-05-11,PRIOR,0.4320987654,0.4259259259,0.1419753086
preopen,174,2026-05-12,PRIOR,0.4320987654,0.4259259259,0.1419753086
preopen,175,2026-05-13,PRIOR,0.4320987654,0.4259259259,0.1419753086
preopen,176,2026-05-14,PRIOR,0.4320987654,0.4259259259,0.1419753086
preopen,177,2026-05-15,PRIOR,0.4320987654,0.4259259259,0.1419753086
preopen,178,2026-05-18,PRIOR,0.4320987654,0.4259259259,0.1419753086
preopen,179,2026-05-19,PRIOR,0.4320987654,0.4259259259,0.1419753086
preopen,180,2026-05-20,PRIOR,0.4340659341,0.4285714286,0.1373626374
preopen,181,2026-05-21,PRIOR,0.4340659341,0.4285714286,0.1373626374
preopen,182,2026-05-22,PRIOR,0.4340659341,0.4285714286,0.1373626374
preopen,183,2026-05-26,PRIOR,0.4340659341,0.4285714286,0.1373626374
preopen,184,2026-05-27,PRIOR,0.4340659341,0.4285714286,0.1373626374
preopen,185,2026-05-28,PRIOR,0.4340659341,0.4285714286,0.1373626374
preopen,186,2026-05-29,PRIOR,0.4340659341,0.4285714286,0.1373626374
preopen,187,2026-06-01,PRIOR,0.4340659341,0.4285714286,0.1373626374
preopen,188,2026-06-02,PRIOR,0.4340659341,0.4285714286,0.1373626374
preopen,189,2026-06-03,PRIOR,0.4340659341,0.4285714286,0.1373626374
preopen,190,2026-06-04,PRIOR,0.4340659341,0.4285714286,0.1373626374
preopen,191,2026-06-05,PRIOR,0.4340659341,0.4285714286,0.1373626374
preopen,192,2026-06-08,PRIOR,0.4340659341,0.4285714286,0.1373626374
preopen,193,2026-06-09,PRIOR,0.4340659341,0.4285714286,0.1373626374
preopen,194,2026-06-10,PRIOR,0.4340659341,0.4285714286,0.1373626374
preopen,195,2026-06-11,PRIOR,0.4340659341,0.4285714286,0.1373626374
preopen,196,2026-06-12,PRIOR,0.4340659341,0.4285714286,0.1373626374
preopen,197,2026-06-15,PRIOR,0.4340659341,0.4285714286,0.1373626374
preopen,198,2026-06-16,PRIOR,0.4340659341,0.4285714286,0.1373626374
preopen,199,2026-06-17,PRIOR,0.4340659341,0.4285714286,0.1373626374
preopen,200,2026-06-18,PRIOR,0.4306930693,0.4306930693,0.1386138614
preopen,201,2026-06-22,PRIOR,0.4306930693,0.4306930693,0.1386138614
preopen,202,2026-06-23,PRIOR,0.4306930693,0.4306930693,0.1386138614
preopen,203,2026-06-24,PRIOR,0.4306930693,0.4306930693,0.1386138614
preopen,204,2026-06-25,PRIOR,0.4306930693,0.4306930693,0.1386138614
preopen,205,2026-06-26,PRIOR,0.4306930693,0.4306930693,0.1386138614
preopen,206,2026-06-29,PRIOR,0.4306930693,0.4306930693,0.1386138614
preopen,207,2026-06-30,PRIOR,0.4306930693,0.4306930693,0.1386138614
preopen,208,2026-07-01,PRIOR,0.4306930693,0.4306930693,0.1386138614
preopen,209,2026-07-02,PRIOR,0.4306930693,0.4306930693,0.1386138614
preopen,210,2026-07-06,PRIOR,0.4306930693,0.4306930693,0.1386138614
preopen,211,2026-07-07,PRIOR,0.4306930693,0.4306930693,0.1386138614
preopen,212,2026-07-08,PRIOR,0.4306930693,0.4306930693,0.1386138614
preopen,213,2026-07-09,PRIOR,0.4306930693,0.4306930693,0.1386138614
preopen,214,2026-07-10,PRIOR,0.4306930693,0.4306930693,0.1386138614
preopen,215,2026-07-13,PRIOR,0.4306930693,0.4306930693,0.1386138614
preopen,216,2026-07-14,PRIOR,0.4306930693,0.4306930693,0.1386138614
preopen,217,2026-07-15,PRIOR,0.4306930693,0.4306930693,0.1386138614
preopen,218,2026-07-16,PRIOR,0.4306930693,0.4306930693,0.1386138614
preopen,219,2026-07-17,PRIOR,0.4306930693,0.4306930693,0.1386138614
preopen,220,2026-07-20,PRIOR,0.4369369369,0.4279279279,0.1351351351
preopen,221,2026-07-21,PRIOR,0.4369369369,0.4279279279,0.1351351351
preopen,222,2026-07-22,PRIOR,0.4369369369,0.4279279279,0.1351351351
preopen,223,2026-07-23,PRIOR,0.4369369369,0.4279279279,0.1351351351
preopen,224,2026-07-24,PRIOR,0.4369369369,0.4279279279,0.1351351351
preopen,225,2026-07-27,PRIOR,0.4369369369,0.4279279279,0.1351351351
preopen,226,2026-07-28,PRIOR,0.4369369369,0.4279279279,0.1351351351
preopen,227,2026-07-29,PRIOR,0.4369369369,0.4279279279,0.1351351351
preopen,228,2026-07-30,PRIOR,0.4369369369,0.4279279279,0.1351351351
preopen,229,2026-07-31,PRIOR,0.4369369369,0.4279279279,0.1351351351
preopen,230,2026-08-03,PRIOR,0.4369369369,0.4279279279,0.1351351351
preopen,231,2026-08-04,PRIOR,0.4369369369,0.4279279279,0.1351351351
preopen,232,2026-08-05,PRIOR,0.4369369369,0.4279279279,0.1351351351
preopen,233,2026-08-06,PRIOR,0.4369369369,0.4279279279,0.1351351351
preopen,234,2026-08-07,PRIOR,0.4369369369,0.4279279279,0.1351351351
preopen,235,2026-08-10,PRIOR,0.4369369369,0.4279279279,0.1351351351
preopen,236,2026-08-11,PRIOR,0.4369369369,0.4279279279,0.1351351351
preopen,237,2026-08-12,PRIOR,0.4369369369,0.4279279279,0.1351351351
preopen,238,2026-08-13,PRIOR,0.4369369369,0.4279279279,0.1351351351
preopen,239,2026-08-14,PRIOR,0.4369369369,0.4279279279,0.1351351351
preopen,240,2026-08-17,PRIOR,0.4380165289,0.4338842975,0.1280991736
preopen,241,2026-08-18,PRIOR,0.4380165289,0.4338842975,0.1280991736
preopen,242,2026-08-19,PRIOR,0.4380165289,0.4338842975,0.1280991736
preopen,243,2026-08-20,PRIOR,0.4380165289,0.4338842975,0.1280991736
preopen,244,2026-08-21,PRIOR,0.4380165289,0.4338842975,0.1280991736
preopen,245,2026-08-24,PRIOR,0.4380165289,0.4338842975,0.1280991736
preopen,246,2026-08-25,PRIOR,0.4380165289,0.4338842975,0.1280991736
preopen,247,2026-08-26,PRIOR,0.4380165289,0.4338842975,0.1280991736
preopen,248,2026-08-27,PRIOR,0.4380165289,0.4338842975,0.1280991736
preopen,249,2026-08-28,PRIOR,0.4380165289,0.4338842975,0.1280991736
preopen,250,2026-08-31,PRIOR,0.4380165289,0.4338842975,0.1280991736
preopen,251,2026-09-01,PRIOR,0.4380165289,0.4338842975,0.1280991736
preopen,252,2026-09-02,PRIOR,0.4380165289,0.4338842975,0.1280991736
preopen,253,2026-09-03,PRIOR,0.4380165289,0.4338842975,0.1280991736
preopen,254,2026-09-04,PRIOR,0.4380165289,0.4338842975,0.1280991736
preopen,255,2026-09-08,PRIOR,0.4380165289,0.4338842975,0.1280991736
preopen,256,2026-09-09,PRIOR,0.4380165289,0.4338842975,0.1280991736
preopen,257,2026-09-10,PRIOR,0.4380165289,0.4338842975,0.1280991736
preopen,258,2026-09-11,PRIOR,0.4380165289,0.4338842975,0.1280991736
preopen,259,2026-09-14,PRIOR,0.4380165289,0.4338842975,0.1280991736
preopen,260,2026-09-15,PRIOR,0.4351145038,0.4427480916,0.1221374046
preopen,261,2026-09-16,PRIOR,0.4351145038,0.4427480916,0.1221374046
preopen,262,2026-09-17,PRIOR,0.4351145038,0.4427480916,0.1221374046
preopen,263,2026-09-18,PRIOR,0.4351145038,0.4427480916,0.1221374046
preopen,264,2026-09-21,PRIOR,0.4351145038,0.4427480916,0.1221374046
preopen,265,2026-09-22,PRIOR,0.4351145038,0.4427480916,0.1221374046
preopen,266,2026-09-23,PRIOR,0.4351145038,0.4427480916,0.1221374046
preopen,267,2026-09-24,PRIOR,0.4351145038,0.4427480916,0.1221374046
preopen,268,2026-09-25,PRIOR,0.4351145038,0.4427480916,0.1221374046
preopen,269,2026-09-28,PRIOR,0.4351145038,0.4427480916,0.1221374046
preopen,270,2026-09-29,PRIOR,0.4351145038,0.4427480916,0.1221374046
preopen,271,2026-09-30,PRIOR,0.4351145038,0.4427480916,0.1221374046
preopen,272,2026-10-01,PRIOR,0.4351145038,0.4427480916,0.1221374046
preopen,273,2026-10-02,PRIOR,0.4351145038,0.4427480916,0.1221374046
preopen,274,2026-10-05,PRIOR,0.4351145038,0.4427480916,0.1221374046
preopen,275,2026-10-06,PRIOR,0.4351145038,0.4427480916,0.1221374046
preopen,276,2026-10-07,PRIOR,0.4351145038,0.4427480916,0.1221374046
preopen,277,2026-10-08,PRIOR,0.4351145038,0.4427480916,0.1221374046
preopen,278,2026-10-09,PRIOR,0.4351145038,0.4427480916,0.1221374046
preopen,120,2026-02-24,CP,0.4918032787,0.3817727146,0.1264240067
preopen,121,2026-02-25,CP,0.4918032787,0.3817727146,0.1264240067
preopen,122,2026-02-26,CP,0.4918032787,0.3817727146,0.1264240067
preopen,123,2026-02-27,CP,0.450273224,0.4587431694,0.09098360656
preopen,124,2026-03-02,CP,0.450273224,0.4587431694,0.09098360656
preopen,125,2026-03-03,CP,0.450273224,0.4587431694,0.09098360656
preopen,126,2026-03-04,CP,0.450273224,0.4587431694,0.09098360656
preopen,127,2026-03-05,CP,0.450273224,0.4587431694,0.09098360656
preopen,128,2026-03-06,CP,0.450273224,0.4587431694,0.09098360656
preopen,129,2026-03-09,CP,0.450273224,0.4587431694,0.09098360656
preopen,130,2026-03-10,CP,0.450273224,0.4587431694,0.09098360656
preopen,131,2026-03-11,CP,0.4918032787,0.3817727146,0.1264240067
preopen,132,2026-03-12,CP,0.450273224,0.4587431694,0.09098360656
preopen,133,2026-03-13,CP,0.450273224,0.4587431694,0.09098360656
preopen,134,2026-03-16,CP,0.450273224,0.4587431694,0.09098360656
preopen,135,2026-03-17,CP,0.4918032787,0.3817727146,0.1264240067
preopen,136,2026-03-18,CP,0.4918032787,0.3817727146,0.1264240067
preopen,137,2026-03-19,CP,0.450273224,0.4587431694,0.09098360656
preopen,138,2026-03-20,CP,0.4918032787,0.3817727146,0.1264240067
preopen,139,2026-03-23,CP,0.450273224,0.4587431694,0.09098360656
preopen,140,2026-03-24,CP,0.3355426678,0.5729080365,0.09154929577
preopen,141,2026-03-25,CP,0.3355426678,0.5729080365,0.09154929577
preopen,142,2026-03-26,CP,0.3355426678,0.5729080365,0.09154929577
preopen,143,2026-03-27,CP,0.3355426678,0.5729080365,0.09154929577
preopen,144,2026-03-30,CP,0.3355426678,0.5729080365,0.09154929577
preopen,145,2026-03-31,CP,0.3355426678,0.5729080365,0.09154929577
preopen,146,2026-04-01,CP,0.5316210991,0.3376139188,0.130764982
preopen,147,2026-04-02,CP,0.3355426678,0.5729080365,0.09154929577
preopen,148,2026-04-06,CP,0.5316210991,0.3376139188,0.130764982
preopen,149,2026-04-07,CP,0.5316210991,0.3376139188,0.130764982
preopen,150,2026-04-08,CP,0.5316210991,0.3376139188,0.130764982
preopen,151,2026-04-09,CP,0.5316210991,0.3376139188,0.130764982
preopen,152,2026-04-10,CP,0.4060130011,0.4272751896,0.1667118093
preopen,153,2026-04-13,CP,0.5316210991,0.3376139188,0.130764982
preopen,154,2026-04-14,CP,0.4060130011,0.4272751896,0.1667118093
preopen,155,2026-04-15,CP,0.4060130011,0.4272751896,0.1667118093
preopen,156,2026-04-16,CP,0.4060130011,0.4272751896,0.1667118093
preopen,157,2026-04-17,CP,0.4060130011,0.4272751896,0.1667118093
preopen,158,2026-04-20,CP,0.4060130011,0.4272751896,0.1667118093
preopen,159,2026-04-21,CP,0.4060130011,0.4272751896,0.1667118093
preopen,160,2026-04-22,CP,0.4253225657,0.4216095795,0.1530678548
preopen,161,2026-04-23,CP,0.4253225657,0.4216095795,0.1530678548
preopen,162,2026-04-24,CP,0.4253225657,0.4216095795,0.1530678548
preopen,163,2026-04-27,CP,0.4253225657,0.4216095795,0.1530678548
preopen,164,2026-04-28,CP,0.4253225657,0.4216095795,0.1530678548
preopen,165,2026-04-29,CP,0.4253225657,0.4216095795,0.1530678548
preopen,166,2026-04-30,CP,0.4253225657,0.4216095795,0.1530678548
preopen,167,2026-05-01,CP,0.4253225657,0.4216095795,0.1530678548
preopen,168,2026-05-04,CP,0.4253225657,0.4216095795,0.1530678548
preopen,169,2026-05-05,CP,0.4253225657,0.4216095795,0.1530678548
preopen,170,2026-05-06,CP,0.4253225657,0.4216095795,0.1530678548
preopen,171,2026-05-07,CP,0.4253225657,0.4216095795,0.1530678548
preopen,172,2026-05-08,CP,0.4253225657,0.4216095795,0.1530678548
preopen,173,2026-05-11,CP,0.4253225657,0.4216095795,0.1530678548
preopen,174,2026-05-12,CP,0.4253225657,0.4216095795,0.1530678548
preopen,175,2026-05-13,CP,0.4253225657,0.4216095795,0.1530678548
preopen,176,2026-05-14,CP,0.4253225657,0.4216095795,0.1530678548
preopen,177,2026-05-15,CP,0.4253225657,0.4216095795,0.1530678548
preopen,178,2026-05-18,CP,0.4253225657,0.4216095795,0.1530678548
preopen,179,2026-05-19,CP,0.4253225657,0.4216095795,0.1530678548
preopen,180,2026-05-20,CP,0.4352327209,0.4296745725,0.1350927065
preopen,181,2026-05-21,CP,0.4352327209,0.4296745725,0.1350927065
preopen,182,2026-05-22,CP,0.4352327209,0.4296745725,0.1350927065
preopen,183,2026-05-26,CP,0.4352327209,0.4296745725,0.1350927065
preopen,184,2026-05-27,CP,0.4352327209,0.4296745725,0.1350927065
preopen,185,2026-05-28,CP,0.4352327209,0.4296745725,0.1350927065
preopen,186,2026-05-29,CP,0.4352327209,0.4296745725,0.1350927065
preopen,187,2026-06-01,CP,0.4352327209,0.4296745725,0.1350927065
preopen,188,2026-06-02,CP,0.4352327209,0.4296745725,0.1350927065
preopen,189,2026-06-03,CP,0.4352327209,0.4296745725,0.1350927065
preopen,190,2026-06-04,CP,0.4352327209,0.4296745725,0.1350927065
preopen,191,2026-06-05,CP,0.4352327209,0.4296745725,0.1350927065
preopen,192,2026-06-08,CP,0.4352327209,0.4296745725,0.1350927065
preopen,193,2026-06-09,CP,0.4352327209,0.4296745725,0.1350927065
preopen,194,2026-06-10,CP,0.4352327209,0.4296745725,0.1350927065
preopen,195,2026-06-11,CP,0.4352327209,0.4296745725,0.1350927065
preopen,196,2026-06-12,CP,0.4352327209,0.4296745725,0.1350927065
preopen,197,2026-06-15,CP,0.4352327209,0.4296745725,0.1350927065
preopen,198,2026-06-16,CP,0.4352327209,0.4296745725,0.1350927065
preopen,199,2026-06-17,CP,0.4352327209,0.4296745725,0.1350927065
preopen,200,2026-06-18,CP,0.4317399482,0.4317399482,0.1365201036
preopen,201,2026-06-22,CP,0.4317399482,0.4317399482,0.1365201036
preopen,202,2026-06-23,CP,0.4317399482,0.4317399482,0.1365201036
preopen,203,2026-06-24,CP,0.4317399482,0.4317399482,0.1365201036
preopen,204,2026-06-25,CP,0.4317399482,0.4317399482,0.1365201036
preopen,205,2026-06-26,CP,0.4317399482,0.4317399482,0.1365201036
preopen,206,2026-06-29,CP,0.4317399482,0.4317399482,0.1365201036
preopen,207,2026-06-30,CP,0.4317399482,0.4317399482,0.1365201036
preopen,208,2026-07-01,CP,0.4317399482,0.4317399482,0.1365201036
preopen,209,2026-07-02,CP,0.4317399482,0.4317399482,0.1365201036
preopen,210,2026-07-06,CP,0.4317399482,0.4317399482,0.1365201036
preopen,211,2026-07-07,CP,0.4317399482,0.4317399482,0.1365201036
preopen,212,2026-07-08,CP,0.4317399482,0.4317399482,0.1365201036
preopen,213,2026-07-09,CP,0.4317399482,0.4317399482,0.1365201036
preopen,214,2026-07-10,CP,0.4317399482,0.4317399482,0.1365201036
preopen,215,2026-07-13,CP,0.4317399482,0.4317399482,0.1365201036
preopen,216,2026-07-14,CP,0.4317399482,0.4317399482,0.1365201036
preopen,217,2026-07-15,CP,0.4317399482,0.4317399482,0.1365201036
preopen,218,2026-07-16,CP,0.4317399482,0.4317399482,0.1365201036
preopen,219,2026-07-17,CP,0.4317399482,0.4317399482,0.1365201036
preopen,220,2026-07-20,CP,0.431078137,0.4394394394,0.1294824236
preopen,221,2026-07-21,CP,0.4572219278,0.4132956486,0.1294824236
preopen,222,2026-07-22,CP,0.4572219278,0.4132956486,0.1294824236
preopen,223,2026-07-23,CP,0.4572219278,0.4132956486,0.1294824236
preopen,224,2026-07-24,CP,0.4572219278,0.4132956486,0.1294824236
preopen,225,2026-07-27,CP,0.4572219278,0.4132956486,0.1294824236
preopen,226,2026-07-28,CP,0.4572219278,0.4132956486,0.1294824236
preopen,227,2026-07-29,CP,0.431078137,0.4394394394,0.1294824236
preopen,228,2026-07-30,CP,0.431078137,0.4394394394,0.1294824236
preopen,229,2026-07-31,CP,0.4572219278,0.4132956486,0.1294824236
preopen,230,2026-08-03,CP,0.4572219278,0.4132956486,0.1294824236
preopen,231,2026-08-04,CP,0.4245421892,0.4329034917,0.142554319
preopen,232,2026-08-05,CP,0.4245421892,0.4329034917,0.142554319
preopen,233,2026-08-06,CP,0.4572219278,0.4132956486,0.1294824236
preopen,234,2026-08-07,CP,0.4245421892,0.4329034917,0.142554319
preopen,235,2026-08-10,CP,0.4245421892,0.4329034917,0.142554319
preopen,236,2026-08-11,CP,0.4245421892,0.4329034917,0.142554319
preopen,237,2026-08-12,CP,0.4245421892,0.4329034917,0.142554319
preopen,238,2026-08-13,CP,0.4245421892,0.4329034917,0.142554319
preopen,239,2026-08-14,CP,0.4245421892,0.4329034917,0.142554319
preopen,240,2026-08-17,CP,0.4140009723,0.4490520175,0.1369470102
preopen,241,2026-08-18,CP,0.4140009723,0.4490520175,0.1369470102
preopen,242,2026-08-19,CP,0.4140009723,0.4490520175,0.1369470102
preopen,243,2026-08-20,CP,0.4903581267,0.4067788272,0.102863046
preopen,244,2026-08-21,CP,0.4140009723,0.4490520175,0.1369470102
preopen,245,2026-08-24,CP,0.4140009723,0.4490520175,0.1369470102
preopen,246,2026-08-25,CP,0.4140009723,0.4490520175,0.1369470102
preopen,247,2026-08-26,CP,0.4140009723,0.4490520175,0.1369470102
preopen,248,2026-08-27,CP,0.4140009723,0.4490520175,0.1369470102
preopen,249,2026-08-28,CP,0.4140009723,0.4490520175,0.1369470102
preopen,250,2026-08-31,CP,0.4140009723,0.4490520175,0.1369470102
preopen,251,2026-09-01,CP,0.4140009723,0.4490520175,0.1369470102
preopen,252,2026-09-02,CP,0.4140009723,0.4490520175,0.1369470102
preopen,253,2026-09-03,CP,0.4140009723,0.4490520175,0.1369470102
preopen,254,2026-09-04,CP,0.4140009723,0.4490520175,0.1369470102
preopen,255,2026-09-08,CP,0.4140009723,0.4490520175,0.1369470102
preopen,256,2026-09-09,CP,0.4140009723,0.4490520175,0.1369470102
preopen,257,2026-09-10,CP,0.4140009723,0.4490520175,0.1369470102
preopen,258,2026-09-11,CP,0.4903581267,0.4067788272,0.102863046
preopen,259,2026-09-14,CP,0.4140009723,0.4490520175,0.1369470102
preopen,260,2026-09-15,CP,0.3932127448,0.4805841354,0.1262031198
preopen,261,2026-09-16,CP,0.3932127448,0.4805841354,0.1262031198
preopen,262,2026-09-17,CP,0.3932127448,0.4805841354,0.1262031198
preopen,263,2026-09-18,CP,0.3932127448,0.4805841354,0.1262031198
preopen,264,2026-09-21,CP,0.3932127448,0.4805841354,0.1262031198
preopen,265,2026-09-22,CP,0.3932127448,0.4805841354,0.1262031198
preopen,266,2026-09-23,CP,0.3932127448,0.4805841354,0.1262031198
preopen,267,2026-09-24,CP,0.3932127448,0.4805841354,0.1262031198
preopen,268,2026-09-25,CP,0.3932127448,0.4805841354,0.1262031198
preopen,269,2026-09-28,CP,0.5074238738,0.3869641809,0.1056119453
preopen,270,2026-09-29,CP,0.5074238738,0.3869641809,0.1056119453
preopen,271,2026-09-30,CP,0.5074238738,0.3869641809,0.1056119453
preopen,272,2026-10-01,CP,0.5074238738,0.3869641809,0.1056119453
preopen,273,2026-10-02,CP,0.5074238738,0.3869641809,0.1056119453
preopen,274,2026-10-05,CP,0.3932127448,0.4805841354,0.1262031198
preopen,275,2026-10-06,CP,0.3932127448,0.4805841354,0.1262031198
preopen,276,2026-10-07,CP,0.3932127448,0.4805841354,0.1262031198
preopen,277,2026-10-08,CP,0.5074238738,0.3869641809,0.1056119453
preopen,278,2026-10-09,CP,0.3932127448,0.4805841354,0.1262031198
preopen,120,2026-02-24,LR,0.6939559212,0.2440256682,0.06201841066
preopen,121,2026-02-25,LR,0.3539930448,0.6042709402,0.04173601494
preopen,122,2026-02-26,LR,0.417073339,0.5532874991,0.0296391619
preopen,123,2026-02-27,LR,0.5858579957,0.4072363039,0.006905700418
preopen,124,2026-03-02,LR,0.1466792554,0.8468370637,0.006483680976
preopen,125,2026-03-03,LR,0.1438496457,0.854880149,0.00127020534
preopen,126,2026-03-04,LR,0.3823331188,0.6083522001,0.009314681092
preopen,127,2026-03-05,LR,0.3483182825,0.6111919869,0.04048973056
preopen,128,2026-03-06,LR,0.1418183185,0.8573205579,0.0008611236026
preopen,129,2026-03-09,LR,0.1975758236,0.8020184696,0.0004057068005
preopen,130,2026-03-10,LR,0.3050748594,0.544975422,0.1499497186
preopen,131,2026-03-11,LR,0.2941812671,0.4132384598,0.2925802732
preopen,132,2026-03-12,LR,0.911556283,0.05446294717,0.03398076981
preopen,133,2026-03-13,LR,0.8835297091,0.09180153785,0.02466875304
preopen,134,2026-03-16,LR,0.7437763011,0.2282186801,0.02800501887
preopen,135,2026-03-17,LR,0.2799946907,0.2660918704,0.4539134389
preopen,136,2026-03-18,LR,0.1953556073,0.7444570775,0.06018731524
preopen,137,2026-03-19,LR,0.5233590965,0.4702664891,0.006374414445
preopen,138,2026-03-20,LR,0.3868692696,0.5252858302,0.08784490027
preopen,139,2026-03-23,LR,0.8410093504,0.1497633373,0.009227312318
preopen,140,2026-03-24,LR,0.4110017051,0.4657996197,0.1231986752
preopen,141,2026-03-25,LR,0.4373365162,0.434138339,0.1285251448
preopen,142,2026-03-26,LR,0.4001692375,0.4696473323,0.1301834302
preopen,143,2026-03-27,LR,0.4056528233,0.4652514982,0.1290956785
preopen,144,2026-03-30,LR,0.4456167116,0.4274980799,0.1268852085
preopen,145,2026-03-31,LR,0.4474160219,0.4272058263,0.1253781518
preopen,146,2026-04-01,LR,0.3999451001,0.4651040084,0.1349508915
preopen,147,2026-04-02,LR,0.3870725182,0.4845562903,0.1283711915
preopen,148,2026-04-06,LR,0.4318063275,0.4376902818,0.1305033907
preopen,149,2026-04-07,LR,0.4092492651,0.4594430864,0.1313076485
preopen,150,2026-04-08,LR,0.4770349218,0.3915868722,0.131378206
preopen,151,2026-04-09,LR,0.4198107288,0.4462843376,0.1339049337
preopen,152,2026-04-10,LR,0.4248800363,0.4385665867,0.136553377
preopen,153,2026-04-13,LR,0.421978365,0.4463804738,0.1316411613
preopen,154,2026-04-14,LR,0.4355290218,0.4283816377,0.1360893405
preopen,155,2026-04-15,LR,0.4242433153,0.4397562902,0.1360003944
preopen,156,2026-04-16,LR,0.4251243649,0.4373997396,0.1374758955
preopen,157,2026-04-17,LR,0.4457242694,0.4196092186,0.1346665121
preopen,158,2026-04-20,LR,0.4231809657,0.4445971327,0.1322219016
preopen,159,2026-04-21,LR,0.4206784921,0.4411668695,0.1381546384
preopen,160,2026-04-22,LR,0.4397258057,0.4202426299,0.1400315644
preopen,161,2026-04-23,LR,0.4333251309,0.428782123,0.1378927461
preopen,162,2026-04-24,LR,0.4399067924,0.4198904168,0.1402027908
preopen,163,2026-04-27,LR,0.4322577612,0.4287660353,0.1389762035
preopen,164,2026-04-28,LR,0.4281532466,0.4346308883,0.1372158651
preopen,165,2026-04-29,LR,0.4235390891,0.4346875328,0.1417733781
preopen,166,2026-04-30,LR,0.4311339544,0.4283387022,0.1405273434
preopen,167,2026-05-01,LR,0.4259166773,0.4314794199,0.1426039028
preopen,168,2026-05-04,LR,0.4354189769,0.4261965136,0.1383845095
preopen,169,2026-05-05,LR,0.4418140742,0.418380284,0.1398056418
preopen,170,2026-05-06,LR,0.4360348718,0.4247405611,0.1392245671
preopen,171,2026-05-07,LR,0.4362777697,0.424099655,0.1396225753
preopen,172,2026-05-08,LR,0.4343403863,0.4263196735,0.1393399402
preopen,173,2026-05-11,LR,0.4314599713,0.4294071546,0.1391328741
preopen,174,2026-05-12,LR,0.4233968871,0.4380429232,0.1385601897
preopen,175,2026-05-13,LR,0.4334981247,0.4269027919,0.1395990834
preopen,176,2026-05-14,LR,0.4250353725,0.4346182119,0.1403464156
preopen,177,2026-05-15,LR,0.4225910239,0.4410520172,0.1363569588
preopen,178,2026-05-18,LR,0.4421557015,0.4199649999,0.1378792986
preopen,179,2026-05-19,LR,0.4320682987,0.4317757954,0.1361559059
preopen,180,2026-05-20,LR,0.4415663997,0.4242387558,0.1341948445
preopen,181,2026-05-21,LR,0.4306952288,0.4362464651,0.1330583061
preopen,182,2026-05-22,LR,0.4406742895,0.4236743246,0.1356513859
preopen,183,2026-05-26,LR,0.444561965,0.4191193084,0.1363187266
preopen,184,2026-05-27,LR,0.4378877796,0.4275204297,0.1345917907
preopen,185,2026-05-28,LR,0.4328784343,0.4330553977,0.134066168
preopen,186,2026-05-29,LR,0.4407167993,0.4245653775,0.1347178232
preopen,187,2026-06-01,LR,0.4238187284,0.4426055253,0.1335757463
preopen,188,2026-06-02,LR,0.4386457164,0.4278205748,0.1335337088
preopen,189,2026-06-03,LR,0.4367723573,0.428827832,0.1343998107
preopen,190,2026-06-04,LR,0.43033944,0.4391589081,0.1305016519
preopen,191,2026-06-05,LR,0.4174262364,0.4523087139,0.1302650497
preopen,192,2026-06-08,LR,0.4508004533,0.4138457226,0.1353538241
preopen,193,2026-06-09,LR,0.4443044121,0.4209541323,0.1347414555
preopen,194,2026-06-10,LR,0.4447301603,0.4215415461,0.1337282936
preopen,195,2026-06-11,LR,0.4525672009,0.4150524409,0.1323803582
preopen,196,2026-06-12,LR,0.4366310904,0.428205687,0.1351632226
preopen,197,2026-06-15,LR,0.447384084,0.4141186435,0.1384972725
preopen,198,2026-06-16,LR,0.4331364417,0.4331593821,0.1337041762
preopen,199,2026-06-17,LR,0.425402517,0.4387466782,0.1358508048
preopen,200,2026-06-18,LR,0.4385972465,0.4217414229,0.1396613306
preopen,201,2026-06-22,LR,0.4352268936,0.428714588,0.1360585184
preopen,202,2026-06-23,LR,0.4258264847,0.4447293821,0.1294441332
preopen,203,2026-06-24,LR,0.4328547938,0.4332925298,0.1338526763
preopen,204,2026-06-25,LR,0.4312692277,0.4308729802,0.137857792
preopen,205,2026-06-26,LR,0.4299947836,0.4361548884,0.133850328
preopen,206,2026-06-29,LR,0.4368614875,0.4280337225,0.13510479
preopen,207,2026-06-30,LR,0.4294652208,0.4340458847,0.1364888944
preopen,208,2026-07-01,LR,0.4160980679,0.4485925132,0.1353094189
preopen,209,2026-07-02,LR,0.4299341102,0.4359590696,0.1341068202
preopen,210,2026-07-06,LR,0.4381302751,0.4269397747,0.1349299503
preopen,211,2026-07-07,LR,0.4302410826,0.4362179535,0.1335409639
preopen,212,2026-07-08,LR,0.4325405827,0.4318322516,0.1356271657
preopen,213,2026-07-09,LR,0.4348173285,0.4276374767,0.1375451948
preopen,214,2026-07-10,LR,0.4314195411,0.4330614623,0.1355189965
preopen,215,2026-07-13,LR,0.4302248698,0.4357619499,0.1340131803
preopen,216,2026-07-14,LR,0.4310999339,0.4310485996,0.1378514666
preopen,217,2026-07-15,LR,0.4358851734,0.4280557926,0.1360590339
preopen,218,2026-07-16,LR,0.4251869605,0.4397851325,0.135027907
preopen,219,2026-07-17,LR,0.4304561119,0.4392881997,0.1302556884
preopen,220,2026-07-20,LR,0.4421558061,0.4253129222,0.1325312717
preopen,221,2026-07-21,LR,0.4468042339,0.419734563,0.1334612032
preopen,222,2026-07-22,LR,0.4365462102,0.4306636857,0.1327901041
preopen,223,2026-07-23,LR,0.4300598076,0.4418020274,0.128138165
preopen,224,2026-07-24,LR,0.4368558589,0.4323371421,0.130806999
preopen,225,2026-07-27,LR,0.4411048336,0.4262853148,0.1326098516
preopen,226,2026-07-28,LR,0.4370447426,0.4327621473,0.13019311
preopen,227,2026-07-29,LR,0.4253793716,0.4401897605,0.1344308678
preopen,228,2026-07-30,LR,0.4450239562,0.4206282865,0.1343477573
preopen,229,2026-07-31,LR,0.4408554629,0.4238679823,0.1352765548
preopen,230,2026-08-03,LR,0.4259889556,0.438440429,0.1355706154
preopen,231,2026-08-04,LR,0.441334319,0.4248708378,0.1337948432
preopen,232,2026-08-05,LR,0.4409185831,0.4258514682,0.1332299486
preopen,233,2026-08-06,LR,0.4349483234,0.4349724194,0.1300792572
preopen,234,2026-08-07,LR,0.4388676828,0.4288621316,0.1322701857
preopen,235,2026-08-10,LR,0.4355739069,0.4309432287,0.1334828644
preopen,236,2026-08-11,LR,0.4426304572,0.4253475895,0.1320219533
preopen,237,2026-08-12,LR,0.4428465551,0.4225355775,0.1346178675
preopen,238,2026-08-13,LR,0.4434721402,0.4243243749,0.1322034848
preopen,239,2026-08-14,LR,0.4376840138,0.4300056701,0.132310316
preopen,240,2026-08-17,LR,0.4408641461,0.4332789712,0.1258568827
preopen,241,2026-08-18,LR,0.4358600459,0.4409496904,0.1231902636
preopen,242,2026-08-19,LR,0.444692779,0.4295714815,0.1257357394
preopen,243,2026-08-20,LR,0.4383202762,0.4370836236,0.1245961002
preopen,244,2026-08-21,LR,0.4435597415,0.4314531412,0.1249871173
preopen,245,2026-08-24,LR,0.4381751145,0.4370020723,0.1248228132
preopen,246,2026-08-25,LR,0.442130613,0.4322399516,0.1256294355
preopen,247,2026-08-26,LR,0.4343052242,0.4410506924,0.1246440834
preopen,248,2026-08-27,LR,0.4400088408,0.4325000695,0.1274910897
preopen,249,2026-08-28,LR,0.4405232918,0.4341126744,0.1253640338
preopen,250,2026-08-31,LR,0.4423794582,0.4333027179,0.1243178239
preopen,251,2026-09-01,LR,0.4203098162,0.4528632519,0.1268269319
preopen,252,2026-09-02,LR,0.4422201921,0.432605708,0.1251740999
preopen,253,2026-09-03,LR,0.4425610046,0.4312293504,0.126209645
preopen,254,2026-09-04,LR,0.4330124295,0.4408323021,0.1261552685
preopen,255,2026-09-08,LR,0.4410489358,0.4331150593,0.1258360049
preopen,256,2026-09-09,LR,0.4395289833,0.4349395593,0.1255314574
preopen,257,2026-09-10,LR,0.4485219029,0.4305829537,0.1208951434
preopen,258,2026-09-11,LR,0.4521366729,0.421219837,0.1266434901
preopen,259,2026-09-14,LR,0.4380576634,0.4408409527,0.1211013839
preopen,260,2026-09-15,LR,0.4390911733,0.4423496089,0.1185592178
preopen,261,2026-09-16,LR,0.4204615751,0.456869618,0.1226688069
preopen,262,2026-09-17,LR,0.4428803267,0.4360346502,0.1210850231
preopen,263,2026-09-18,LR,0.4358451977,0.4442470607,0.1199077416
preopen,264,2026-09-21,LR,0.4363390691,0.4437456067,0.1199153242
preopen,265,2026-09-22,LR,0.4330188969,0.4465371693,0.1204439338
preopen,266,2026-09-23,LR,0.4367028509,0.4432390664,0.1200580826
preopen,267,2026-09-24,LR,0.4392625274,0.441413577,0.1193238956
preopen,268,2026-09-25,LR,0.433902022,0.4472931546,0.1188048234
preopen,269,2026-09-28,LR,0.4383763688,0.4422902971,0.1193333342
preopen,270,2026-09-29,LR,0.4412771604,0.4392853127,0.1194375269
preopen,271,2026-09-30,LR,0.4318845276,0.44850972,0.1196057524
preopen,272,2026-10-01,LR,0.4250843408,0.4504726701,0.1244429891
preopen,273,2026-10-02,LR,0.4339252266,0.4446952908,0.1213794825
preopen,274,2026-10-05,LR,0.4386264331,0.4410886818,0.120284885
preopen,275,2026-10-06,LR,0.4391620667,0.441307309,0.1195306243
preopen,276,2026-10-07,LR,0.4357852305,0.445417282,0.1187974875
preopen,277,2026-10-08,LR,0.4361800199,0.4435794369,0.1202405432
preopen,278,2026-10-09,LR,0.4400855248,0.4410079601,0.1189065152
preopen,120,2026-02-24,GB,0.6264673723,0.1350492844,0.2384833433
preopen,121,2026-02-25,GB,0.4675704181,0.4938348701,0.03859471185
preopen,122,2026-02-26,GB,0.6173402356,0.1870198935,0.1956398709
preopen,123,2026-02-27,GB,0.6537379127,0.3258319643,0.020430123
preopen,124,2026-03-02,GB,0.3180107348,0.6141487705,0.06784049473
preopen,125,2026-03-03,GB,0.4025192143,0.5650838273,0.03239695841
preopen,126,2026-03-04,GB,0.2396285807,0.5130861899,0.2472852294
preopen,127,2026-03-05,GB,0.2504636072,0.7290799637,0.02045642906
preopen,128,2026-03-06,GB,0.4052169442,0.568871084,0.02591197181
preopen,129,2026-03-09,GB,0.3455260156,0.5979830792,0.05649090517
preopen,130,2026-03-10,GB,0.1939730888,0.7733713033,0.03265560791
preopen,131,2026-03-11,GB,0.2910932701,0.4376561571,0.2712505727
preopen,132,2026-03-12,GB,0.7528149012,0.1983492378,0.04883586106
preopen,133,2026-03-13,GB,0.3089559555,0.5645861212,0.1264579233
preopen,134,2026-03-16,GB,0.6993245888,0.2451882208,0.05548719045
preopen,135,2026-03-17,GB,0.4517272528,0.3294503738,0.2188223734
preopen,136,2026-03-18,GB,0.5684855798,0.3279104148,0.1036040055
preopen,137,2026-03-19,GB,0.4056274037,0.5779827999,0.01638979636
preopen,138,2026-03-20,GB,0.1079201382,0.6395916584,0.2524882035
preopen,139,2026-03-23,GB,0.4350491677,0.274593417,0.2903574153
preopen,140,2026-03-24,GB,0.5709727874,0.3519818497,0.07704536294
preopen,141,2026-03-25,GB,0.4184736292,0.5142582001,0.06726817071
preopen,142,2026-03-26,GB,0.5490726699,0.361894508,0.08903282212
preopen,143,2026-03-27,GB,0.3851091788,0.494775484,0.1201153372
preopen,144,2026-03-30,GB,0.4552234799,0.4887278564,0.05604866377
preopen,145,2026-03-31,GB,0.4580160687,0.4183345857,0.1236493456
preopen,146,2026-04-01,GB,0.2865695733,0.514337187,0.1990932397
preopen,147,2026-04-02,GB,0.4534141783,0.3928063396,0.1537794821
preopen,148,2026-04-06,GB,0.4671332509,0.4614242218,0.07144252736
preopen,149,2026-04-07,GB,0.5216078596,0.4228509587,0.05554118165
preopen,150,2026-04-08,GB,0.3844917876,0.4636070031,0.1519012093
preopen,151,2026-04-09,GB,0.4646650337,0.3424158018,0.1929191645
preopen,152,2026-04-10,GB,0.4177029758,0.481214787,0.1010822371
preopen,153,2026-04-13,GB,0.4822942525,0.2729727209,0.2447330267
preopen,154,2026-04-14,GB,0.3135154498,0.5285589098,0.1579256404
preopen,155,2026-04-15,GB,0.302235975,0.5095427278,0.1882212971
preopen,156,2026-04-16,GB,0.302235975,0.5095427278,0.1882212971
preopen,157,2026-04-17,GB,0.6364767239,0.1782167482,0.1853065279
preopen,158,2026-04-20,GB,0.4170867447,0.3073549368,0.2755583185
preopen,159,2026-04-21,GB,0.2597961039,0.5867438171,0.153460079
preopen,160,2026-04-22,GB,0.6249833646,0.2136208699,0.1613957655
preopen,161,2026-04-23,GB,0.4959537856,0.4472178901,0.05682832433
preopen,162,2026-04-24,GB,0.3849515339,0.4607585537,0.1542899125
preopen,163,2026-04-27,GB,0.3546140856,0.4011187256,0.2442671888
preopen,164,2026-04-28,GB,0.4775551146,0.3334779253,0.1889669601
preopen,165,2026-04-29,GB,0.2663516205,0.5512425572,0.1824058223
preopen,166,2026-04-30,GB,0.4172869462,0.3138078384,0.2689052154
preopen,167,2026-05-01,GB,0.3604951436,0.4928631996,0.1466416568
preopen,168,2026-05-04,GB,0.3768476183,0.5093475904,0.1138047913
preopen,169,2026-05-05,GB,0.6280527643,0.2097588281,0.1621884075
preopen,170,2026-05-06,GB,0.4090645062,0.335613541,0.2553219527
preopen,171,2026-05-07,GB,0.371527797,0.5075201536,0.1209520494
preopen,172,2026-05-08,GB,0.5364374824,0.3196809109,0.1438816067
preopen,173,2026-05-11,GB,0.2578191236,0.5868267805,0.1553540959
preopen,174,2026-05-12,GB,0.5098539797,0.3824537852,0.1076922351
preopen,175,2026-05-13,GB,0.219568428,0.6778433665,0.1025882055
preopen,176,2026-05-14,GB,0.4178491242,0.4501886926,0.1319621832
preopen,177,2026-05-15,GB,0.4266730046,0.3720541751,0.2012728203
preopen,178,2026-05-18,GB,0.2729015727,0.5331308006,0.1939676268
preopen,179,2026-05-19,GB,0.5494172773,0.2971462828,0.1534364399
preopen,180,2026-05-20,GB,0.3826114951,0.5189439436,0.09844456126
preopen,181,2026-05-21,GB,0.3790351015,0.5042399737,0.1167249248
preopen,182,2026-05-22,GB,0.4113444805,0.4549576707,0.1336978488
preopen,183,2026-05-26,GB,0.5226125634,0.3009216471,0.1764657895
preopen,184,2026-05-27,GB,0.4566828122,0.3734758768,0.169841311
preopen,185,2026-05-28,GB,0.4387232252,0.4291439121,0.1321328627
preopen,186,2026-05-29,GB,0.3948793958,0.4698025546,0.1353180496
preopen,187,2026-06-01,GB,0.4013732534,0.4429430066,0.15568374
preopen,188,2026-06-02,GB,0.3889647551,0.4671885017,0.1438467432
preopen,189,2026-06-03,GB,0.4264768976,0.402355052,0.1711680504
preopen,190,2026-06-04,GB,0.4206416333,0.4618157268,0.1175426399
preopen,191,2026-06-05,GB,0.4064788918,0.4139432477,0.1795778604
preopen,192,2026-06-08,GB,0.560244934,0.2997155053,0.1400395607
preopen,193,2026-06-09,GB,0.4134701302,0.489281088,0.09724878181
preopen,194,2026-06-10,GB,0.376908133,0.4646193912,0.1584724757
preopen,195,2026-06-11,GB,0.3918780845,0.5072930941,0.1008288214
preopen,196,2026-06-12,GB,0.3608721056,0.5389237798,0.1002041145
preopen,197,2026-06-15,GB,0.5521255274,0.3248877391,0.1229867336
preopen,198,2026-06-16,GB,0.3607916504,0.5281015468,0.1111068028
preopen,199,2026-06-17,GB,0.5008172297,0.3916328271,0.1075499432
preopen,200,2026-06-18,GB,0.4236598025,0.3541904358,0.2221497617
preopen,201,2026-06-22,GB,0.4082742944,0.4879609844,0.1037647212
preopen,202,2026-06-23,GB,0.3947814383,0.4660175936,0.1392009681
preopen,203,2026-06-24,GB,0.5776056252,0.3095706463,0.1128237284
preopen,204,2026-06-25,GB,0.4454103043,0.4093306507,0.145259045
preopen,205,2026-06-26,GB,0.3947814383,0.4660175936,0.1392009681
preopen,206,2026-06-29,GB,0.4094922028,0.4907893064,0.09971849074
preopen,207,2026-06-30,GB,0.3905060073,0.4667246954,0.1427692973
preopen,208,2026-07-01,GB,0.3823675828,0.479866892,0.1377655252
preopen,209,2026-07-02,GB,0.4109071995,0.4910838006,0.09800899989
preopen,210,2026-07-06,GB,0.413031074,0.4878480411,0.09912088493
preopen,211,2026-07-07,GB,0.4360684263,0.4381442489,0.1257873248
preopen,212,2026-07-08,GB,0.4207689296,0.4715876709,0.1076433995
preopen,213,2026-07-09,GB,0.4337629128,0.4387040425,0.1275330447
preopen,214,2026-07-10,GB,0.39562903,0.5038200988,0.1005508713
preopen,215,2026-07-13,GB,0.4052822629,0.4784132347,0.1163045024
preopen,216,2026-07-14,GB,0.4179184446,0.3845176886,0.1975638668
preopen,217,2026-07-15,GB,0.5899956685,0.3162111525,0.09379317902
preopen,218,2026-07-16,GB,0.4448763072,0.4267956664,0.1283280264
preopen,219,2026-07-17,GB,0.3947814383,0.4660175936,0.1392009681
preopen,220,2026-07-20,GB,0.3992004345,0.4990335264,0.1017660391
preopen,221,2026-07-21,GB,0.5068340841,0.3433001704,0.1498657455
preopen,222,2026-07-22,GB,0.4463500541,0.4201829887,0.1334669572
preopen,223,2026-07-23,GB,0.4067476264,0.4561965452,0.1370558285
preopen,224,2026-07-24,GB,0.3831298238,0.477330976,0.1395392003
preopen,225,2026-07-27,GB,0.3984352711,0.5039260114,0.09763871743
preopen,226,2026-07-28,GB,0.4279872102,0.4377764019,0.1342363879
preopen,227,2026-07-29,GB,0.4102143636,0.4719444671,0.1178411693
preopen,228,2026-07-30,GB,0.3981775808,0.4691478508,0.1326745684
preopen,229,2026-07-31,GB,0.5153019306,0.3490358012,0.1356622682
preopen,230,2026-08-03,GB,0.3856223736,0.4804363757,0.1339412508
preopen,231,2026-08-04,GB,0.3050750316,0.5736939032,0.1212310653
preopen,232,2026-08-05,GB,0.3992004345,0.4990335264,0.1017660391
preopen,233,2026-08-06,GB,0.4293258183,0.4391456274,0.1315285542
preopen,234,2026-08-07,GB,0.2850060004,0.6017379889,0.1132560107
preopen,235,2026-08-10,GB,0.2728124071,0.5711705952,0.1560169977
preopen,236,2026-08-11,GB,0.4900612666,0.3911775596,0.1187611738
preopen,237,2026-08-12,GB,0.3476840633,0.485242143,0.1670737938
preopen,238,2026-08-13,GB,0.3257965546,0.564432582,0.1097708634
preopen,239,2026-08-14,GB,0.3091865208,0.5630003741,0.1278131051
preopen,240,2026-08-17,GB,0.3256599296,0.5468028769,0.1275371935
preopen,241,2026-08-18,GB,0.4209896431,0.4695027669,0.10950759
preopen,242,2026-08-19,GB,0.30278982,0.5255474654,0.1716627146
preopen,243,2026-08-20,GB,0.417824939,0.472068934,0.110106127
preopen,244,2026-08-21,GB,0.3852942917,0.5158717135,0.09883399487
preopen,245,2026-08-24,GB,0.4353832856,0.4613799252,0.1032367892
preopen,246,2026-08-25,GB,0.402841757,0.5044438434,0.09271439958
preopen,247,2026-08-26,GB,0.5525791966,0.3571791109,0.09024169243
preopen,248,2026-08-27,GB,0.3358443822,0.5198725706,0.1442830472
preopen,249,2026-08-28,GB,0.343655279,0.5435434451,0.1128012759
preopen,250,2026-08-31,GB,0.4344122721,0.4683842077,0.0972035202
preopen,251,2026-09-01,GB,0.4227224663,0.4352181108,0.1420594229
preopen,252,2026-09-02,GB,0.3822207863,0.5184510526,0.09932816111
preopen,253,2026-09-03,GB,0.3704587713,0.5024968469,0.1270443818
preopen,254,2026-09-04,GB,0.3259221363,0.5656978581,0.1083800056
preopen,255,2026-09-08,GB,0.37144959,0.5038408108,0.1247095993
preopen,256,2026-09-09,GB,0.4201592264,0.4602619324,0.1195788412
preopen,257,2026-09-10,GB,0.6395444189,0.2697197054,0.09073587563
preopen,258,2026-09-11,GB,0.3836092188,0.4580641628,0.1583266183
preopen,259,2026-09-14,GB,0.4125676787,0.4763318945,0.1111004268
preopen,260,2026-09-15,GB,0.408275126,0.4973649497,0.09435992438
preopen,261,2026-09-16,GB,0.4046337081,0.5123941508,0.08297214106
preopen,262,2026-09-17,GB,0.3667206313,0.4785880799,0.1546912888
preopen,263,2026-09-18,GB,0.3957600002,0.5011572323,0.1030827676
preopen,264,2026-09-21,GB,0.3834407929,0.5136478328,0.1029113743
preopen,265,2026-09-22,GB,0.3410358591,0.5544482933,0.1045158476
preopen,266,2026-09-23,GB,0.3279315141,0.5661710695,0.1058974164
preopen,267,2026-09-24,GB,0.4242112429,0.4448568221,0.130931935
preopen,268,2026-09-25,GB,0.5892496301,0.3390576141,0.0716927558
preopen,269,2026-09-28,GB,0.4023368709,0.4907985208,0.1068646083
preopen,270,2026-09-29,GB,0.3876187468,0.5066718621,0.1057093911
preopen,271,2026-09-30,GB,0.3928299455,0.4785494722,0.1286205823
preopen,272,2026-10-01,GB,0.3741599015,0.4835266995,0.142313399
preopen,273,2026-10-02,GB,0.3581296407,0.4673764235,0.1744939358
preopen,274,2026-10-05,GB,0.3933791958,0.4828043732,0.123816431
preopen,275,2026-10-06,GB,0.3913695394,0.5115746721,0.09705578852
preopen,276,2026-10-07,GB,0.3887631025,0.4878840931,0.1233528044
preopen,277,2026-10-08,GB,0.4228703436,0.444445619,0.1326840374
preopen,278,2026-10-09,GB,0.3827163703,0.5200186293,0.09726500042
preopen,120,2026-02-24,RES,0.6230357032,0.2259231266,0.1510411702
preopen,121,2026-02-25,RES,0.3200540155,0.5891555614,0.09079042309
preopen,122,2026-02-26,RES,0.3748883596,0.5406103448,0.08450129554
preopen,123,2026-02-27,RES,0.5477797046,0.405473207,0.04674708839
preopen,124,2026-03-02,RES,0.1250076416,0.8406771875,0.03431517082
preopen,125,2026-03-03,RES,0.1253220053,0.8628195856,0.01185840905
preopen,126,2026-03-04,RES,0.3509334103,0.6057544789,0.04331211082
preopen,127,2026-03-05,RES,0.304282272,0.5823789316,0.1133387964
preopen,128,2026-03-06,RES,0.1273564991,0.8642251269,0.008418373988
preopen,129,2026-03-09,RES,0.1811081769,0.8135588757,0.005332947352
preopen,130,2026-03-10,RES,0.2617511796,0.5114566738,0.2267921466
preopen,131,2026-03-11,RES,0.2729350157,0.4107722691,0.3162927152
preopen,132,2026-03-12,RES,0.8481293348,0.04739863158,0.1044720336
preopen,133,2026-03-13,RES,0.8416439974,0.08228335172,0.07607265092
preopen,134,2026-03-16,RES,0.7057330157,0.2142478615,0.08001912281
preopen,135,2026-03-17,RES,0.2894021389,0.2948202902,0.4157775709
preopen,136,2026-03-18,RES,0.170578006,0.7145356775,0.1148863166
preopen,137,2026-03-19,RES,0.4925184046,0.4656536422,0.04182795319
preopen,138,2026-03-20,RES,0.334817426,0.4961206042,0.1690619698
preopen,139,2026-03-23,RES,0.8069436225,0.1423126374,0.05074374014
preopen,140,2026-03-24,RES,0.4092260402,0.4634747413,0.1272992184
preopen,141,2026-03-25,RES,0.4354357682,0.4318213054,0.1327429264
preopen,142,2026-03-26,RES,0.3983353917,0.4672016836,0.1344629246
preopen,143,2026-03-27,RES,0.4038056178,0.4628475954,0.1333467868
preopen,144,2026-03-30,RES,0.4437043263,0.4252397943,0.1310558794
preopen,145,2026-03-31,RES,0.4455248298,0.4249659352,0.129509235
preopen,146,2026-04-01,RES,0.3981079003,0.4625601882,0.1393319114
preopen,147,2026-04-02,RES,0.3852945956,0.4820949667,0.1326104377
preopen,148,2026-04-06,RES,0.4299102154,0.4353192617,0.1347705229
preopen,149,2026-04-07,RES,0.4073868409,0.4570047854,0.1356083737
preopen,150,2026-04-08,RES,0.4750180435,0.3893488664,0.13563309
preopen,151,2026-04-09,RES,0.4178975341,0.4438446287,0.1382578373
preopen,152,2026-04-10,RES,0.4229148481,0.4361121266,0.1409730253
preopen,153,2026-04-13,RES,0.42007563,0.4439859896,0.1359383804
preopen,154,2026-04-14,RES,0.4335324163,0.4259753366,0.1404922471
preopen,155,2026-04-15,RES,0.4222841902,0.4373102643,0.1404055455
preopen,156,2026-04-16,RES,0.42314084,0.4349411926,0.1419179674
preopen,157,2026-04-17,RES,0.4437043794,0.4172647836,0.1390308369
preopen,158,2026-04-20,RES,0.4212743624,0.4421929112,0.1365327264
preopen,159,2026-04-21,RES,0.4187001308,0.4386826401,0.1426172292
preopen,160,2026-04-22,RES,0.4436043905,0.4104208144,0.1459747952
preopen,161,2026-04-23,RES,0.4301467525,0.4293249139,0.1405283336
preopen,162,2026-04-24,RES,0.4438184161,0.4095790079,0.146602576
preopen,163,2026-04-27,RES,0.4277829017,0.4283358481,0.1438812502
preopen,164,2026-04-28,RES,0.421058426,0.4395096447,0.1394319293
preopen,165,2026-04-29,RES,0.4049158879,0.4429789379,0.1521051743
preopen,166,2026-04-30,RES,0.4205076411,0.4317798835,0.1477124754
preopen,167,2026-05-01,RES,0.4083943818,0.437595679,0.1540099393
preopen,168,2026-05-04,RES,0.4353395587,0.422762449,0.1418979923
preopen,169,2026-05-05,RES,0.4488045822,0.4059679896,0.1452274282
preopen,170,2026-05-06,RES,0.4350154155,0.4207751037,0.1442094808
preopen,171,2026-05-07,RES,0.436134781,0.4185553328,0.1453098862
preopen,172,2026-05-08,RES,0.4303277669,0.4254681539,0.1442040792
preopen,173,2026-05-11,RES,0.4247868681,0.4309779895,0.1442351424
preopen,174,2026-05-12,RES,0.4064272482,0.450631709,0.1429410428
preopen,175,2026-05-13,RES,0.428290275,0.4265217467,0.1451879783
preopen,176,2026-05-14,RES,0.4080908009,0.4439809967,0.1479282024
preopen,177,2026-05-15,RES,0.4075688449,0.4552778051,0.13715335
preopen,178,2026-05-18,RES,0.4526000368,0.4072589955,0.1401409677
preopen,179,2026-05-19,RES,0.4323529106,0.4310610554,0.136586034
preopen,180,2026-05-20,RES,0.447676351,0.415124831,0.137198818
preopen,181,2026-05-21,RES,0.4237270986,0.4411428142,0.1351300871
preopen,182,2026-05-22,RES,0.4448369246,0.4136945754,0.1414685
preopen,183,2026-05-26,RES,0.4534325658,0.4036422103,0.1429252239
preopen,184,2026-05-27,RES,0.4386475062,0.4227892201,0.1385632737
preopen,185,2026-05-28,RES,0.4254105443,0.4375721869,0.1370172688
preopen,186,2026-05-29,RES,0.4439505018,0.4176735239,0.1383759743
preopen,187,2026-06-01,RES,0.407430513,0.4560200262,0.1365494608
preopen,188,2026-06-02,RES,0.4408352298,0.4237414715,0.1354232987
preopen,189,2026-06-03,RES,0.434858412,0.4273131975,0.1378283905
preopen,190,2026-06-04,RES,0.4262259368,0.4453465386,0.1284275246
preopen,191,2026-06-05,RES,0.3929855035,0.4792553584,0.1277591381
preopen,192,2026-06-08,RES,0.4706567516,0.3894758377,0.1398674106
preopen,193,2026-06-09,RES,0.453309993,0.408298161,0.1383918461
preopen,194,2026-06-10,RES,0.4609779301,0.4022027021,0.1368193678
preopen,195,2026-06-11,RES,0.4794653391,0.3885403546,0.1319943062
preopen,196,2026-06-12,RES,0.434655991,0.4250576478,0.1402863612
preopen,197,2026-06-15,RES,0.455727382,0.3958248955,0.1484477225
preopen,198,2026-06-16,RES,0.4284369328,0.4350174922,0.136545575
preopen,199,2026-06-17,RES,0.4064232715,0.4515716696,0.1420050589
preopen,200,2026-06-18,RES,0.4441357482,0.4070978405,0.1487664112
preopen,201,2026-06-22,RES,0.4373988766,0.4235185579,0.1390825654
preopen,202,2026-06-23,RES,0.4198229921,0.4566113303,0.1235656776
preopen,203,2026-06-24,RES,0.4340292431,0.4321149575,0.1338557995
preopen,204,2026-06-25,RES,0.4257479667,0.4304069565,0.1438450768
preopen,205,2026-06-26,RES,0.4273420501,0.4380739633,0.1345839866
preopen,206,2026-06-29,RES,0.4425469075,0.4209597626,0.1364933299
preopen,207,2026-06-30,RES,0.4233336603,0.4356043324,0.1410620073
preopen,208,2026-07-01,RES,0.3917593012,0.4698112711,0.1384294277
preopen,209,2026-07-02,RES,0.4252927891,0.4403688592,0.1343383517
preopen,210,2026-07-06,RES,0.4471735994,0.4164122651,0.1364141355
preopen,211,2026-07-07,RES,0.4284289436,0.4377685289,0.1338025275
preopen,212,2026-07-08,RES,0.4323585476,0.4286141129,0.1390273394
preopen,213,2026-07-09,RES,0.4351543498,0.4218474794,0.1429981708
preopen,214,2026-07-10,RES,0.4292666908,0.4322095129,0.1385237963
preopen,215,2026-07-13,RES,0.4272606081,0.4380543961,0.1346849958
preopen,216,2026-07-14,RES,0.4253426671,0.430579248,0.1440780849
preopen,217,2026-07-15,RES,0.439748725,0.4209217264,0.1393295486
preopen,218,2026-07-16,RES,0.4135711271,0.4488676169,0.137561256
preopen,219,2026-07-17,RES,0.431229323,0.443430048,0.125340629
preopen,220,2026-07-20,RES,0.44452848,0.4206032129,0.1348683071
preopen,221,2026-07-21,RES,0.4553040108,0.4075980695,0.1370979197
preopen,222,2026-07-22,RES,0.4337420282,0.4296057196,0.1366522521
preopen,223,2026-07-23,RES,0.4228263714,0.452653256,0.1245203726
preopen,224,2026-07-24,RES,0.4357406111,0.4332345254,0.1310248635
preopen,225,2026-07-27,RES,0.4440153056,0.4204035559,0.1355811384
preopen,226,2026-07-28,RES,0.4378659554,0.4324305637,0.129703481
preopen,227,2026-07-29,RES,0.4045499616,0.4546208502,0.1408291883
preopen,228,2026-07-30,RES,0.4498543866,0.4104865513,0.1396590621
preopen,229,2026-07-31,RES,0.4385928165,0.4189489854,0.1424581981
preopen,230,2026-08-03,RES,0.4075376681,0.4477159779,0.1447463539
preopen,231,2026-08-04,RES,0.4404645108,0.421429412,0.1381060772
preopen,232,2026-08-05,RES,0.4406893444,0.4225451769,0.1367654787
preopen,233,2026-08-06,RES,0.4339070085,0.4364444163,0.1296485752
preopen,234,2026-08-07,RES,0.4369411424,0.4286532254,0.1344056322
preopen,235,2026-08-10,RES,0.4309490401,0.4304580896,0.1385928703
preopen,236,2026-08-11,RES,0.4473013362,0.4191164607,0.1335822031
preopen,237,2026-08-12,RES,0.4437724226,0.4158711603,0.1403564171
preopen,238,2026-08-13,RES,0.449064333,0.4169819641,0.1339537029
preopen,239,2026-08-14,RES,0.4337624589,0.4319292734,0.1343082677
preopen,240,2026-08-17,RES,0.4424137981,0.4284645016,0.1291217003
preopen,241,2026-08-18,RES,0.435105738,0.4422148005,0.1226794616
preopen,242,2026-08-19,RES,0.4499139966,0.421848885,0.1282371184
preopen,243,2026-08-20,RES,0.4385137935,0.4353653582,0.1261208484
preopen,244,2026-08-21,RES,0.4475719095,0.4263106958,0.1261173947
preopen,245,2026-08-24,RES,0.4372671512,0.4361283276,0.1266045212
preopen,246,2026-08-25,RES,0.4432598451,0.4288473514,0.1278928035
preopen,247,2026-08-26,RES,0.4267057711,0.4473577112,0.1259365176
preopen,248,2026-08-27,RES,0.4370784061,0.4296144085,0.1333071854
preopen,249,2026-08-28,RES,0.4407182641,0.4316677206,0.1276140153
preopen,250,2026-08-31,RES,0.4478925302,0.4272343495,0.1248731203
preopen,251,2026-09-01,RES,0.3962634322,0.4709079015,0.1328286662
preopen,252,2026-09-02,RES,0.4453668286,0.4276726368,0.1269605346
preopen,253,2026-09-03,RES,0.4438774173,0.4265008675,0.1296217152
preopen,254,2026-09-04,RES,0.4203205963,0.4499697005,0.1297097031
preopen,255,2026-09-08,RES,0.4418966957,0.429243735,0.1288595693
preopen,256,2026-09-09,RES,0.4401568804,0.4313609084,0.1284822112
preopen,257,2026-09-10,RES,0.468892869,0.4146235965,0.1164835345
preopen,258,2026-09-11,RES,0.4652937642,0.4043460298,0.1303602061
preopen,259,2026-09-14,RES,0.4423592706,0.4405324712,0.1171082582
preopen,260,2026-09-15,RES,0.4420081167,0.4391758045,0.1188160789
preopen,261,2026-09-16,RES,0.3948312092,0.4749805259,0.130188265
preopen,262,2026-09-17,RES,0.4472294567,0.4271034296,0.1256671136
preopen,263,2026-09-18,RES,0.4336484254,0.4436077174,0.1227438573
preopen,264,2026-09-21,RES,0.4318432808,0.445763435,0.1223932842
preopen,265,2026-09-22,RES,0.4255110024,0.4501698572,0.1243191404
preopen,266,2026-09-23,RES,0.4356663703,0.441110687,0.1232229427
preopen,267,2026-09-24,RES,0.4450554758,0.4335946134,0.1213499107
preopen,268,2026-09-25,RES,0.4292813272,0.4511224404,0.1195962324
preopen,269,2026-09-28,RES,0.4411191074,0.4376215032,0.1212593894
preopen,270,2026-09-29,RES,0.4456016179,0.4333196936,0.1210786884
preopen,271,2026-09-30,RES,0.4225866041,0.4556121057,0.1218012902
preopen,272,2026-10-01,RES,0.4078519645,0.4560863334,0.1360617021
preopen,273,2026-10-02,RES,0.4242952458,0.4490308945,0.1266738597
preopen,274,2026-10-05,RES,0.4418302832,0.4341530101,0.1240167066
preopen,275,2026-10-06,RES,0.4394447334,0.4392603936,0.121294873
preopen,276,2026-10-07,RES,0.4379207774,0.442036399,0.1200428236
preopen,277,2026-10-08,RES,0.4351426873,0.440937468,0.1239198447
preopen,278,2026-10-09,RES,0.444645021,0.4356134096,0.1197415694
preopen,120,2026-02-24,BL,0.6287950889,0.2928565353,0.07834837586
preopen,121,2026-02-25,BL,0.3799427074,0.5565556039,0.06350168869
preopen,122,2026-02-26,BL,0.4261174004,0.5192357916,0.05464680806
preopen,123,2026-02-27,BL,0.5496675486,0.4123265074,0.03800594395
preopen,124,2026-03-02,BL,0.2281892843,0.7341136894,0.03769702627
preopen,125,2026-03-03,BL,0.2261180137,0.7400012173,0.03388076892
preopen,126,2026-03-04,BL,0.4006876046,0.5595430808,0.03976931466
preopen,127,2026-03-05,BL,0.3757887888,0.561621801,0.06258941015
preopen,128,2026-03-06,BL,0.2246310849,0.7417875935,0.03358132162
preopen,129,2026-03-09,BL,0.2654455058,0.7013065371,0.03324795711
preopen,130,2026-03-10,BL,0.3441346596,0.513151362,0.1427139784
preopen,131,2026-03-11,BL,0.3361605642,0.4167200777,0.2471193581
preopen,132,2026-03-12,BL,0.7880782695,0.1540968711,0.05782485939
preopen,133,2026-03-13,BL,0.767562854,0.1814286707,0.05100847527
preopen,134,2026-03-16,BL,0.6652635419,0.2812858406,0.0534506175
preopen,135,2026-03-17,BL,0.3257760088,0.3090089665,0.3652150247
preopen,136,2026-03-18,BL,0.2638203104,0.6591716732,0.07700801641
preopen,137,2026-03-19,BL,0.503918436,0.4584645207,0.03761704331
preopen,138,2026-03-20,BL,0.404008061,0.4987386065,0.09725333252
preopen,139,2026-03-23,BL,0.736438007,0.2238566322,0.03970536083
preopen,140,2026-03-24,BL,0.3355426678,0.5729080365,0.09154929577
preopen,141,2026-03-25,BL,0.3355426678,0.5729080365,0.09154929577
preopen,142,2026-03-26,BL,0.3355426678,0.5729080365,0.09154929577
preopen,143,2026-03-27,BL,0.3355426678,0.5729080365,0.09154929577
preopen,144,2026-03-30,BL,0.3355426678,0.5729080365,0.09154929577
preopen,145,2026-03-31,BL,0.3355426678,0.5729080365,0.09154929577
preopen,146,2026-04-01,BL,0.5316210991,0.3376139188,0.130764982
preopen,147,2026-04-02,BL,0.3355426678,0.5729080365,0.09154929577
preopen,148,2026-04-06,BL,0.5316210991,0.3376139188,0.130764982
preopen,149,2026-04-07,BL,0.5316210991,0.3376139188,0.130764982
preopen,150,2026-04-08,BL,0.5316210991,0.3376139188,0.130764982
preopen,151,2026-04-09,BL,0.5316210991,0.3376139188,0.130764982
preopen,152,2026-04-10,BL,0.4060130011,0.4272751896,0.1667118093
preopen,153,2026-04-13,BL,0.5316210991,0.3376139188,0.130764982
preopen,154,2026-04-14,BL,0.4060130011,0.4272751896,0.1667118093
preopen,155,2026-04-15,BL,0.4060130011,0.4272751896,0.1667118093
preopen,156,2026-04-16,BL,0.4060130011,0.4272751896,0.1667118093
preopen,157,2026-04-17,BL,0.4060130011,0.4272751896,0.1667118093
preopen,158,2026-04-20,BL,0.4060130011,0.4272751896,0.1667118093
preopen,159,2026-04-21,BL,0.4060130011,0.4272751896,0.1667118093
preopen,160,2026-04-22,BL,0.4253225657,0.4216095795,0.1530678548
preopen,161,2026-04-23,BL,0.4253225657,0.4216095795,0.1530678548
preopen,162,2026-04-24,BL,0.4253225657,0.4216095795,0.1530678548
preopen,163,2026-04-27,BL,0.4253225657,0.4216095795,0.1530678548
preopen,164,2026-04-28,BL,0.4253225657,0.4216095795,0.1530678548
preopen,165,2026-04-29,BL,0.4253225657,0.4216095795,0.1530678548
preopen,166,2026-04-30,BL,0.4253225657,0.4216095795,0.1530678548
preopen,167,2026-05-01,BL,0.4253225657,0.4216095795,0.1530678548
preopen,168,2026-05-04,BL,0.4253225657,0.4216095795,0.1530678548
preopen,169,2026-05-05,BL,0.4253225657,0.4216095795,0.1530678548
preopen,170,2026-05-06,BL,0.4253225657,0.4216095795,0.1530678548
preopen,171,2026-05-07,BL,0.4253225657,0.4216095795,0.1530678548
preopen,172,2026-05-08,BL,0.4253225657,0.4216095795,0.1530678548
preopen,173,2026-05-11,BL,0.4253225657,0.4216095795,0.1530678548
preopen,174,2026-05-12,BL,0.4253225657,0.4216095795,0.1530678548
preopen,175,2026-05-13,BL,0.4253225657,0.4216095795,0.1530678548
preopen,176,2026-05-14,BL,0.4253225657,0.4216095795,0.1530678548
preopen,177,2026-05-15,BL,0.4253225657,0.4216095795,0.1530678548
preopen,178,2026-05-18,BL,0.4253225657,0.4216095795,0.1530678548
preopen,179,2026-05-19,BL,0.4253225657,0.4216095795,0.1530678548
preopen,180,2026-05-20,BL,0.4340659341,0.4285714286,0.1373626374
preopen,181,2026-05-21,BL,0.4340659341,0.4285714286,0.1373626374
preopen,182,2026-05-22,BL,0.4340659341,0.4285714286,0.1373626374
preopen,183,2026-05-26,BL,0.4340659341,0.4285714286,0.1373626374
preopen,184,2026-05-27,BL,0.4340659341,0.4285714286,0.1373626374
preopen,185,2026-05-28,BL,0.4340659341,0.4285714286,0.1373626374
preopen,186,2026-05-29,BL,0.4340659341,0.4285714286,0.1373626374
preopen,187,2026-06-01,BL,0.4340659341,0.4285714286,0.1373626374
preopen,188,2026-06-02,BL,0.4340659341,0.4285714286,0.1373626374
preopen,189,2026-06-03,BL,0.4340659341,0.4285714286,0.1373626374
preopen,190,2026-06-04,BL,0.4340659341,0.4285714286,0.1373626374
preopen,191,2026-06-05,BL,0.4340659341,0.4285714286,0.1373626374
preopen,192,2026-06-08,BL,0.4340659341,0.4285714286,0.1373626374
preopen,193,2026-06-09,BL,0.4340659341,0.4285714286,0.1373626374
preopen,194,2026-06-10,BL,0.4340659341,0.4285714286,0.1373626374
preopen,195,2026-06-11,BL,0.4340659341,0.4285714286,0.1373626374
preopen,196,2026-06-12,BL,0.4340659341,0.4285714286,0.1373626374
preopen,197,2026-06-15,BL,0.4340659341,0.4285714286,0.1373626374
preopen,198,2026-06-16,BL,0.4340659341,0.4285714286,0.1373626374
preopen,199,2026-06-17,BL,0.4340659341,0.4285714286,0.1373626374
preopen,200,2026-06-18,BL,0.4306930693,0.4306930693,0.1386138614
preopen,201,2026-06-22,BL,0.4306930693,0.4306930693,0.1386138614
preopen,202,2026-06-23,BL,0.4306930693,0.4306930693,0.1386138614
preopen,203,2026-06-24,BL,0.4306930693,0.4306930693,0.1386138614
preopen,204,2026-06-25,BL,0.4306930693,0.4306930693,0.1386138614
preopen,205,2026-06-26,BL,0.4306930693,0.4306930693,0.1386138614
preopen,206,2026-06-29,BL,0.4306930693,0.4306930693,0.1386138614
preopen,207,2026-06-30,BL,0.4306930693,0.4306930693,0.1386138614
preopen,208,2026-07-01,BL,0.4306930693,0.4306930693,0.1386138614
preopen,209,2026-07-02,BL,0.4306930693,0.4306930693,0.1386138614
preopen,210,2026-07-06,BL,0.4306930693,0.4306930693,0.1386138614
preopen,211,2026-07-07,BL,0.4306930693,0.4306930693,0.1386138614
preopen,212,2026-07-08,BL,0.4306930693,0.4306930693,0.1386138614
preopen,213,2026-07-09,BL,0.4306930693,0.4306930693,0.1386138614
preopen,214,2026-07-10,BL,0.4306930693,0.4306930693,0.1386138614
preopen,215,2026-07-13,BL,0.4306930693,0.4306930693,0.1386138614
preopen,216,2026-07-14,BL,0.4306930693,0.4306930693,0.1386138614
preopen,217,2026-07-15,BL,0.4306930693,0.4306930693,0.1386138614
preopen,218,2026-07-16,BL,0.4306930693,0.4306930693,0.1386138614
preopen,219,2026-07-17,BL,0.4306930693,0.4306930693,0.1386138614
preopen,220,2026-07-20,BL,0.4136788262,0.4717523891,0.1145687847
preopen,221,2026-07-21,BL,0.4800165941,0.3757693645,0.1442140414
preopen,222,2026-07-22,BL,0.4427385165,0.4231544952,0.1341069883
preopen,223,2026-07-23,BL,0.4183303814,0.445350704,0.1363189146
preopen,224,2026-07-24,BL,0.4037740385,0.4583764721,0.1378494894
preopen,225,2026-07-27,BL,0.4132072336,0.4747677708,0.1120249956
preopen,226,2026-07-28,BL,0.4314209585,0.4339978306,0.1345812109
preopen,227,2026-07-29,BL,0.420467033,0.4550566091,0.1244763579
preopen,228,2026-07-30,BL,0.4130484115,0.4533329727,0.1336186158
preopen,229,2026-07-31,BL,0.4852355758,0.3793044015,0.1354600227
preopen,230,2026-08-03,BL,0.4053102699,0.4602904208,0.1343993093
preopen,231,2026-08-04,BL,0.3556665859,0.5177677641,0.12656565
preopen,232,2026-08-05,BL,0.4136788262,0.4717523891,0.1145687847
preopen,233,2026-08-06,BL,0.4322459818,0.4348417244,0.1329122938
preopen,234,2026-08-07,BL,0.3432974547,0.5350521548,0.1216503905
preopen,235,2026-08-10,BL,0.3357821863,0.5162125756,0.1480052381
preopen,236,2026-08-11,BL,0.4696790159,0.4052776005,0.1250433836
preopen,237,2026-08-12,BL,0.381927779,0.4632523559,0.1548198651
preopen,238,2026-08-13,BL,0.3684378669,0.5120597409,0.1195023922
preopen,239,2026-08-14,BL,0.358200617,0.5111770292,0.1306223538
preopen,240,2026-08-17,BL,0.3256599296,0.5468028769,0.1275371935
preopen,241,2026-08-18,BL,0.4209896431,0.4695027669,0.10950759
preopen,242,2026-08-19,BL,0.30278982,0.5255474654,0.1716627146
preopen,243,2026-08-20,BL,0.417824939,0.472068934,0.110106127
preopen,244,2026-08-21,BL,0.3852942917,0.5158717135,0.09883399487
preopen,245,2026-08-24,BL,0.4353832856,0.4613799252,0.1032367892
preopen,246,2026-08-25,BL,0.402841757,0.5044438434,0.09271439958
preopen,247,2026-08-26,BL,0.5525791966,0.3571791109,0.09024169243
preopen,248,2026-08-27,BL,0.3358443822,0.5198725706,0.1442830472
preopen,249,2026-08-28,BL,0.343655279,0.5435434451,0.1128012759
preopen,250,2026-08-31,BL,0.4344122721,0.4683842077,0.0972035202
preopen,251,2026-09-01,BL,0.4227224663,0.4352181108,0.1420594229
preopen,252,2026-09-02,BL,0.3822207863,0.5184510526,0.09932816111
preopen,253,2026-09-03,BL,0.3704587713,0.5024968469,0.1270443818
preopen,254,2026-09-04,BL,0.3259221363,0.5656978581,0.1083800056
preopen,255,2026-09-08,BL,0.37144959,0.5038408108,0.1247095993
preopen,256,2026-09-09,BL,0.4201592264,0.4602619324,0.1195788412
preopen,257,2026-09-10,BL,0.6395444189,0.2697197054,0.09073587563
preopen,258,2026-09-11,BL,0.3836092188,0.4580641628,0.1583266183
preopen,259,2026-09-14,BL,0.4125676787,0.4763318945,0.1111004268
preopen,260,2026-09-15,BL,0.408275126,0.4973649497,0.09435992438
preopen,261,2026-09-16,BL,0.4046337081,0.5123941508,0.08297214106
preopen,262,2026-09-17,BL,0.3667206313,0.4785880799,0.1546912888
preopen,263,2026-09-18,BL,0.3957600002,0.5011572323,0.1030827676
preopen,264,2026-09-21,BL,0.3834407929,0.5136478328,0.1029113743
preopen,265,2026-09-22,BL,0.3410358591,0.5544482933,0.1045158476
preopen,266,2026-09-23,BL,0.3279315141,0.5661710695,0.1058974164
preopen,267,2026-09-24,BL,0.4242112429,0.4448568221,0.130931935
preopen,268,2026-09-25,BL,0.5892496301,0.3390576141,0.0716927558
preopen,269,2026-09-28,BL,0.4023368709,0.4907985208,0.1068646083
preopen,270,2026-09-29,BL,0.3876187468,0.5066718621,0.1057093911
preopen,271,2026-09-30,BL,0.3928299455,0.4785494722,0.1286205823
preopen,272,2026-10-01,BL,0.3741599015,0.4835266995,0.142313399
preopen,273,2026-10-02,BL,0.3581296407,0.4673764235,0.1744939358
preopen,274,2026-10-05,BL,0.3933791958,0.4828043732,0.123816431
preopen,275,2026-10-06,BL,0.3913695394,0.5115746721,0.09705578852
preopen,276,2026-10-07,BL,0.3887631025,0.4878840931,0.1233528044
preopen,277,2026-10-08,BL,0.4228703436,0.444445619,0.1326840374
preopen,278,2026-10-09,BL,0.3827163703,0.5200186293,0.09726500042
preopen,120,2026-02-24,N,0.6471390596,0.2714222112,0.08143872926
preopen,121,2026-02-25,N,0.4002358544,0.5193798021,0.08038434347
preopen,122,2026-02-26,N,0.4239275103,0.5154314213,0.06064106845
preopen,123,2026-02-27,N,0.503618879,0.4773302974,0.01905082363
preopen,124,2026-03-02,N,0.1574001442,0.821106304,0.02149355179
preopen,125,2026-03-03,N,0.1519025218,0.8416396795,0.006457798668
preopen,126,2026-03-04,N,0.4240493959,0.548395754,0.02755485009
preopen,127,2026-03-05,N,0.348630775,0.5964560204,0.05491320462
preopen,128,2026-03-06,N,0.1706091613,0.8240495472,0.005341291524
preopen,129,2026-03-09,N,0.2402500383,0.7557890923,0.003960869426
preopen,130,2026-03-10,N,0.3277208607,0.5297861834,0.1424929558
preopen,131,2026-03-11,N,0.3200253165,0.4455680425,0.2344066409
preopen,132,2026-03-12,N,0.8481259801,0.08720405835,0.06466996154
preopen,133,2026-03-13,N,0.8250294451,0.1188588632,0.05611169165
preopen,134,2026-03-16,N,0.7021794749,0.2443706484,0.05344987674
preopen,135,2026-03-17,N,0.3321582212,0.3229223081,0.3449194706
preopen,136,2026-03-18,N,0.2243461456,0.6872215479,0.08843230647
preopen,137,2026-03-19,N,0.4848963742,0.4977832535,0.01732037227
preopen,138,2026-03-20,N,0.3835159798,0.508452357,0.1080316632
preopen,139,2026-03-23,N,0.8086943273,0.1715376412,0.01976803151
preopen,140,2026-03-24,N,0.4118214147,0.4733480672,0.1148305181
preopen,141,2026-03-25,N,0.4479916327,0.4259915722,0.1260167951
preopen,142,2026-03-26,N,0.3823084999,0.4834396175,0.1342518827
preopen,143,2026-03-27,N,0.3987033308,0.4702213835,0.1310752857
preopen,144,2026-03-30,N,0.4708321977,0.408987182,0.1201806203
preopen,145,2026-03-31,N,0.4733318978,0.410597776,0.1160703262
preopen,146,2026-04-01,N,0.3462145617,0.5102747991,0.1435106392
preopen,147,2026-04-02,N,0.3610188591,0.5087149348,0.1302662061
preopen,148,2026-04-06,N,0.4275787954,0.4410909938,0.1313302108
preopen,149,2026-04-07,N,0.392731654,0.471307324,0.135961022
preopen,150,2026-04-08,N,0.5020003174,0.3677685155,0.1302311672
preopen,151,2026-04-09,N,0.4037029941,0.4558545635,0.1404424424
preopen,152,2026-04-10,N,0.4112151963,0.4393247097,0.1494600939
preopen,153,2026-04-13,N,0.4166689026,0.4493104207,0.1340206766
preopen,154,2026-04-14,N,0.4353003041,0.4174596795,0.1472400164
preopen,155,2026-04-15,N,0.4126525324,0.4399336936,0.1474137741
preopen,156,2026-04-16,N,0.4134441922,0.4342291394,0.1523266684
preopen,157,2026-04-17,N,0.4613608954,0.3961925719,0.1424465328
preopen,158,2026-04-20,N,0.415102771,0.4492217846,0.1356754443
preopen,159,2026-04-21,N,0.4038537374,0.441016491,0.1551297716
preopen,160,2026-04-22,N,0.4527197152,0.4018745427,0.145405742
preopen,161,2026-04-23,N,0.4269118468,0.4391786738,0.1339094794
preopen,162,2026-04-24,N,0.451950119,0.3998516261,0.1481982549
preopen,163,2026-04-27,N,0.4233515991,0.4319725375,0.1446758634
preopen,164,2026-04-28,N,0.4191046084,0.4455407043,0.1353546873
preopen,165,2026-04-29,N,0.3713584786,0.4594009386,0.1692405828
preopen,166,2026-04-30,N,0.3928233685,0.4553451997,0.1518314318
preopen,167,2026-05-01,N,0.3717079363,0.456966594,0.1713254697
preopen,168,2026-05-04,N,0.4397769709,0.4225906522,0.1376323769
preopen,169,2026-05-05,N,0.4642084725,0.3928346705,0.1429568569
preopen,170,2026-05-06,N,0.4323906351,0.4237658479,0.143843517
preopen,171,2026-05-07,N,0.4372751802,0.4163023312,0.1464224887
preopen,172,2026-05-08,N,0.4229608792,0.4355853792,0.1414537416
preopen,173,2026-05-11,N,0.4125612652,0.4422410744,0.1451976604
preopen,174,2026-05-12,N,0.3775083115,0.4790886441,0.1434030444
preopen,175,2026-05-13,N,0.4160868286,0.4382420746,0.1456710968
preopen,176,2026-05-14,N,0.3736839008,0.4694078546,0.1569082446
preopen,177,2026-05-15,N,0.3884144606,0.4814573888,0.1301281506
preopen,178,2026-05-18,N,0.4820394267,0.3864687432,0.1314918301
preopen,179,2026-05-19,N,0.4506027093,0.4208993054,0.1284979853
preopen,180,2026-05-20,N,0.4640863477,0.4043947903,0.131518862
preopen,181,2026-05-21,N,0.4171690799,0.4511583503,0.1316725697
preopen,182,2026-05-22,N,0.4560528351,0.399992891,0.1439542738
preopen,183,2026-05-26,N,0.4738984719,0.3803826825,0.1457188457
preopen,184,2026-05-27,N,0.4443094681,0.4193498613,0.1363406706
preopen,185,2026-05-28,N,0.412194041,0.4560139129,0.131792046
preopen,186,2026-05-29,N,0.4501992345,0.4169131412,0.1328876243
preopen,187,2026-06-01,N,0.3882552357,0.4763722017,0.1353725626
preopen,188,2026-06-02,N,0.4492583366,0.4238268568,0.1269148065
preopen,189,2026-06-03,N,0.431134565,0.4357253445,0.1331400905
preopen,190,2026-06-04,N,0.4332544923,0.4508867674,0.1158587404
preopen,191,2026-06-05,N,0.3550300664,0.5302762078,0.1146937258
preopen,192,2026-06-08,N,0.5209131697,0.3432503963,0.135836434
preopen,193,2026-06-09,N,0.4735292799,0.3934427268,0.1330279934
preopen,194,2026-06-10,N,0.5115021824,0.3530984487,0.1353993689
preopen,195,2026-06-11,N,0.549457156,0.3331024446,0.1174403994
preopen,196,2026-06-12,N,0.429635296,0.4287634812,0.1416012229
preopen,197,2026-06-15,N,0.4635297077,0.3789868898,0.1574834025
preopen,198,2026-06-16,N,0.4246048346,0.4420802749,0.1333148905
preopen,199,2026-06-17,N,0.3730937656,0.4820850828,0.1448211516
preopen,200,2026-06-18,N,0.456231622,0.3856201011,0.1581482769
preopen,201,2026-06-22,N,0.4439127571,0.4220690797,0.1340181632
preopen,202,2026-06-23,N,0.4191598485,0.4746603311,0.1061798204
preopen,203,2026-06-24,N,0.4444745048,0.4308410596,0.1246844356
preopen,204,2026-06-25,N,0.4150503581,0.4392248551,0.1457247868
preopen,205,2026-06-26,N,0.4284050719,0.4414999778,0.1300949504
preopen,206,2026-06-29,N,0.4597684677,0.4125451004,0.1276864319
preopen,207,2026-06-30,N,0.4124759136,0.4442145415,0.1433095449
preopen,208,2026-07-01,N,0.3498409675,0.5103314421,0.1398275904
preopen,209,2026-07-02,N,0.4202881813,0.4545713617,0.125140457
preopen,210,2026-07-06,N,0.4759737969,0.3944548966,0.1295713066
preopen,211,2026-07-07,N,0.4329083426,0.4385494458,0.1285422116
preopen,212,2026-07-08,N,0.4358909613,0.4244709109,0.1396381278
preopen,213,2026-07-09,N,0.4356014804,0.4210973042,0.1433012154
preopen,214,2026-07-10,N,0.4289058832,0.4337629528,0.137331164
preopen,215,2026-07-13,N,0.4264992324,0.4448251975,0.12867557
preopen,216,2026-07-14,N,0.4124611273,0.4400327438,0.1475061289
preopen,217,2026-07-15,N,0.4519686816,0.4118479813,0.136183337
preopen,218,2026-07-16,N,0.3932511536,0.4698510678,0.1368977786
preopen,219,2026-07-17,N,0.4457879735,0.4453756113,0.1088364152
preopen,220,2026-07-20,N,0.4506301345,0.4202687956,0.1291010698
preopen,221,2026-07-21,N,0.4745243226,0.3921401993,0.1333354781
preopen,222,2026-07-22,N,0.4328386751,0.4284448666,0.1387164583
preopen,223,2026-07-23,N,0.4234435801,0.466406602,0.1101498179
preopen,224,2026-07-24,N,0.4429139424,0.4337703647,0.1233156929
preopen,225,2026-07-27,N,0.457561361,0.4086933881,0.1337452509
preopen,226,2026-07-28,N,0.4513634904,0.4270827642,0.1215537454
preopen,227,2026-07-29,N,0.3676150734,0.4851060159,0.1472789106
preopen,228,2026-07-30,N,0.4600735481,0.3993729867,0.1405534652
preopen,229,2026-07-31,N,0.4297787395,0.4213620945,0.1488591659
preopen,230,2026-08-03,N,0.3789072129,0.4583494624,0.1627433247
preopen,231,2026-08-04,N,0.4363625711,0.4274492816,0.1361881473
preopen,232,2026-08-05,N,0.4391563748,0.4272440281,0.1335995971
preopen,233,2026-08-06,N,0.4471332319,0.4302438593,0.1226229087
preopen,234,2026-08-07,N,0.4362040668,0.4344249277,0.1293710055
preopen,235,2026-08-10,N,0.4273949329,0.4281931672,0.1444118999
preopen,236,2026-08-11,N,0.4618997979,0.4119950484,0.1261051537
preopen,237,2026-08-12,N,0.443419092,0.4147939783,0.1417869297
preopen,238,2026-08-13,N,0.4648870353,0.4088115997,0.126301365
preopen,239,2026-08-14,N,0.4283055829,0.4442114099,0.1274830072
preopen,240,2026-08-17,N,0.4520332654,0.4193982408,0.1285684938
preopen,241,2026-08-18,N,0.447059217,0.4373252458,0.1156155372
preopen,242,2026-08-19,N,0.4627646656,0.4135502056,0.1236851289
preopen,243,2026-08-20,N,0.4476263209,0.4295954873,0.1227781919
preopen,244,2026-08-21,N,0.4596561533,0.4224405471,0.1179032996
preopen,245,2026-08-24,N,0.4420491355,0.4346151361,0.1233357284
preopen,246,2026-08-25,N,0.4481014878,0.4293610852,0.122537427
preopen,247,2026-08-26,N,0.4175294516,0.4617010719,0.1207694766
preopen,248,2026-08-27,N,0.4322254452,0.4295750385,0.1381995162
preopen,249,2026-08-28,N,0.4439742268,0.4321092267,0.1239165465
preopen,250,2026-08-31,N,0.468197602,0.4147675376,0.1170348605
preopen,251,2026-09-01,N,0.3613507286,0.496686887,0.1419623844
preopen,252,2026-09-02,N,0.4562077383,0.4225787262,0.1212135355
preopen,253,2026-09-03,N,0.446235183,0.4261239519,0.1276408651
preopen,254,2026-09-04,N,0.3951087921,0.4760648717,0.1288263361
preopen,255,2026-09-08,N,0.4478017267,0.4253275,0.1268707733
preopen,256,2026-09-09,N,0.448123832,0.423984384,0.127891784
preopen,257,2026-09-10,N,0.5248946556,0.3748630291,0.1002423153
preopen,258,2026-09-11,N,0.4883352913,0.382982907,0.1286818018
preopen,259,2026-09-14,N,0.4652085603,0.4332915899,0.1014998499
preopen,260,2026-09-15,N,0.4507997822,0.43931455,0.1098856678
preopen,261,2026-09-16,N,0.3513719588,0.510323587,0.1383044542
preopen,262,2026-09-17,N,0.4543075382,0.418026641,0.1276658208
preopen,263,2026-09-18,N,0.4327859218,0.4460875911,0.1211264871
preopen,264,2026-09-21,N,0.4216046488,0.4597950004,0.1186003509
preopen,265,2026-09-22,N,0.40952546,0.4646972311,0.1257773089
preopen,266,2026-09-23,N,0.4357829287,0.4414661404,0.1227509309
preopen,267,2026-09-24,N,0.4636747717,0.4181004215,0.1182248068
preopen,268,2026-09-25,N,0.4246482762,0.4628153594,0.1125363644
preopen,269,2026-09-28,N,0.4495562088,0.4327989512,0.1176448401
preopen,270,2026-09-29,N,0.4540317609,0.4311024989,0.1148657402
preopen,271,2026-09-30,N,0.4058674934,0.4758003246,0.118332182
preopen,272,2026-10-01,N,0.3803818312,0.4603173335,0.1593008354
preopen,273,2026-10-02,N,0.4018687068,0.4667822229,0.1313490703
preopen,274,2026-10-05,N,0.4534991132,0.4208733134,0.1256275734
preopen,275,2026-10-06,N,0.4385807255,0.446054978,0.1153642965
preopen,276,2026-10-07,N,0.4537608241,0.4305579037,0.1156812722
preopen,277,2026-10-08,N,0.4347619322,0.4398065704,0.1254314973
preopen,278,2026-10-09,N,0.4599732902,0.4278417932,0.1121849166
preopen,120,2026-02-24,M,0.5319974307,0.3852060861,0.08279648327
preopen,121,2026-02-25,M,0.464890384,0.4116483545,0.1234612615
preopen,122,2026-02-26,M,0.4310962911,0.4641805065,0.1047232024
preopen,123,2026-02-27,M,0.3803241184,0.5757900424,0.04388583915
preopen,124,2026-03-02,M,0.2711314695,0.6752037762,0.05366475436
preopen,125,2026-03-03,M,0.2924593581,0.6726080357,0.0349326062
preopen,126,2026-03-04,M,0.4756275662,0.4260339992,0.0983384346
preopen,127,2026-03-05,M,0.4387686433,0.4915270532,0.06970430356
preopen,128,2026-03-06,M,0.3972291222,0.5616990531,0.04107182475
preopen,129,2026-03-09,M,0.3529147383,0.5850125805,0.06207268118
preopen,130,2026-03-10,M,0.4514759965,0.4404447375,0.108079266
preopen,131,2026-03-11,M,0.4304942422,0.4381695763,0.1313361814
preopen,132,2026-03-12,M,0.5503138481,0.3705690256,0.07911712626
preopen,133,2026-03-13,M,0.5439680827,0.3330850146,0.1229469027
preopen,134,2026-03-16,M,0.5258539086,0.3494826094,0.124663482
preopen,135,2026-03-17,M,0.3830259748,0.4299473638,0.1870266614
preopen,136,2026-03-18,M,0.4156886762,0.4911691056,0.09314221814
preopen,137,2026-03-19,M,0.4564285093,0.4871913391,0.05638015163
preopen,138,2026-03-20,M,0.4775148136,0.409007989,0.1134771974
preopen,139,2026-03-23,M,0.6706151752,0.2300366269,0.09934819791
preopen,140,2026-03-24,M,0.4529195364,0.4156749467,0.1314055169
preopen,141,2026-03-25,M,0.3981839931,0.497046653,0.1047693539
preopen,142,2026-03-26,M,0.3765734991,0.4772534134,0.1461730875
preopen,143,2026-03-27,M,0.4119545866,0.4471964271,0.1408489863
preopen,144,2026-03-30,M,0.3924585329,0.5064582425,0.1010832246
preopen,145,2026-03-31,M,0.4741557998,0.4199542021,0.105889998
preopen,146,2026-04-01,M,0.31875488,0.5428563788,0.1383887412
preopen,147,2026-04-02,M,0.3105556319,0.5437583126,0.1456860555
preopen,148,2026-04-06,M,0.4212134059,0.4504242903,0.1283623038
preopen,149,2026-04-07,M,0.3873216034,0.4750167606,0.1376616361
preopen,150,2026-04-08,M,0.5714263643,0.3149426953,0.1136309404
preopen,151,2026-04-09,M,0.4234165325,0.413134061,0.1634494065
preopen,152,2026-04-10,M,0.4086483765,0.427848876,0.1635027475
preopen,153,2026-04-13,M,0.3969824893,0.4512833346,0.1517341761
preopen,154,2026-04-14,M,0.432195287,0.4141487603,0.1536559527
preopen,155,2026-04-15,M,0.3920081045,0.4417109084,0.166280987
preopen,156,2026-04-16,M,0.3945253738,0.4362314377,0.1692431884
preopen,157,2026-04-17,M,0.464864414,0.4093471006,0.1257884854
preopen,158,2026-04-20,M,0.3992733491,0.4475911007,0.1531355502
preopen,159,2026-04-21,M,0.3746344201,0.4571034265,0.1682621534
preopen,160,2026-04-22,M,0.4333270799,0.4058996844,0.1607732357
preopen,161,2026-04-23,M,0.4247354984,0.4370068646,0.138257637
preopen,162,2026-04-24,M,0.4283133488,0.426049031,0.1456376202
preopen,163,2026-04-27,M,0.415143003,0.4427245256,0.1421324714
preopen,164,2026-04-28,M,0.422701757,0.4143957255,0.1629025175
preopen,165,2026-04-29,M,0.39630803,0.4187237524,0.1849682176
preopen,166,2026-04-30,M,0.3990993586,0.4331823842,0.1677182572
preopen,167,2026-05-01,M,0.3486772538,0.4570145841,0.194308162
preopen,168,2026-05-04,M,0.4570407887,0.3993519339,0.1436072775
preopen,169,2026-05-05,M,0.4466889776,0.3984585213,0.1548525011
preopen,170,2026-05-06,M,0.3824433105,0.4902024988,0.1273541906
preopen,171,2026-05-07,M,0.4161358154,0.4338760781,0.1499881064
preopen,172,2026-05-08,M,0.3986453809,0.4633898886,0.1379647305
preopen,173,2026-05-11,M,0.3795181033,0.4844202157,0.136061681
preopen,174,2026-05-12,M,0.4066318109,0.4070729602,0.1862952289
preopen,175,2026-05-13,M,0.3791308933,0.4743409973,0.1465281095
preopen,176,2026-05-14,M,0.3278432793,0.522349387,0.1498073336
preopen,177,2026-05-15,M,0.3761377272,0.4632035401,0.1606587328
preopen,178,2026-05-18,M,0.5118950134,0.3480738643,0.1400311223
preopen,179,2026-05-19,M,0.5058385779,0.3455697111,0.148591711
preopen,180,2026-05-20,M,0.453771171,0.4167277699,0.1295010591
preopen,181,2026-05-21,M,0.4194683868,0.4425222162,0.138009397
preopen,182,2026-05-22,M,0.4123558069,0.4550041998,0.1326399934
preopen,183,2026-05-26,M,0.4646465334,0.3908517051,0.1445017615
preopen,184,2026-05-27,M,0.4174364331,0.4522690142,0.1302945527
preopen,185,2026-05-28,M,0.4774286378,0.3772067664,0.1453645958
preopen,186,2026-05-29,M,0.449929422,0.4037681789,0.146302399
preopen,187,2026-06-01,M,0.4331602175,0.4181797821,0.1486600004
preopen,188,2026-06-02,M,0.4654167407,0.41006112,0.1245221393
preopen,189,2026-06-03,M,0.4221500421,0.4290395496,0.1488104083
preopen,190,2026-06-04,M,0.3435349696,0.5423423747,0.1141226558
preopen,191,2026-06-05,M,0.3098483992,0.5791039628,0.111047638
preopen,192,2026-06-08,M,0.5543486111,0.2958507139,0.149800675
preopen,193,2026-06-09,M,0.4312584982,0.4532927316,0.1154487702
preopen,194,2026-06-10,M,0.4870955946,0.3840144766,0.1288899289
preopen,195,2026-06-11,M,0.5126205687,0.3809736748,0.1064057565
preopen,196,2026-06-12,M,0.3240340569,0.5528644878,0.1231014553
preopen,197,2026-06-15,M,0.4310304469,0.4154759913,0.1534935618
preopen,198,2026-06-16,M,0.3482043635,0.5482395568,0.1035560798
preopen,199,2026-06-17,M,0.3647711668,0.4884469843,0.1467818489
preopen,200,2026-06-18,M,0.3977949588,0.4422368832,0.159968158
preopen,201,2026-06-22,M,0.4005876409,0.4625512403,0.1368611188
preopen,202,2026-06-23,M,0.3052160764,0.6111354293,0.08364849435
preopen,203,2026-06-24,M,0.3650992134,0.5369195272,0.09798125947
preopen,204,2026-06-25,M,0.346935383,0.5093739292,0.1436906878
preopen,205,2026-06-26,M,0.4124804538,0.4740752714,0.1134442748
preopen,206,2026-06-29,M,0.4014746991,0.478797435,0.1197278659
preopen,207,2026-06-30,M,0.3866804961,0.4807679045,0.1325515995
preopen,208,2026-07-01,M,0.2877900007,0.5936303589,0.1185796404
preopen,209,2026-07-02,M,0.3840558212,0.502187285,0.1137568938
preopen,210,2026-07-06,M,0.3981844812,0.4801120366,0.1217034822
preopen,211,2026-07-07,M,0.3769941122,0.4971609451,0.1258449428
preopen,212,2026-07-08,M,0.4126310179,0.4499507966,0.1374181856
preopen,213,2026-07-09,M,0.3613119874,0.5108004019,0.1278876107
preopen,214,2026-07-10,M,0.3535178658,0.5281001341,0.1183820001
preopen,215,2026-07-13,M,0.3513631966,0.543562575,0.1050742285
preopen,216,2026-07-14,M,0.3572359276,0.514225093,0.1285389794
preopen,217,2026-07-15,M,0.3803571067,0.506924331,0.1127185624
preopen,218,2026-07-16,M,0.3564026935,0.5183199379,0.1252773686
preopen,219,2026-07-17,M,0.3573157517,0.5633120824,0.0793721659
preopen,220,2026-07-20,M,0.4289904751,0.4416789974,0.1293305275
preopen,221,2026-07-21,M,0.4689490343,0.3881410578,0.1429099079
preopen,222,2026-07-22,M,0.4564704628,0.4210080352,0.122521502
preopen,223,2026-07-23,M,0.396661585,0.5046941744,0.09864424057
preopen,224,2026-07-24,M,0.4067647026,0.4930071105,0.1002281869
preopen,225,2026-07-27,M,0.4293251561,0.4631063697,0.1075684742
preopen,226,2026-07-28,M,0.4067990507,0.4878579899,0.1053429594
preopen,227,2026-07-29,M,0.3794478735,0.4891140492,0.1314380773
preopen,228,2026-07-30,M,0.4699410801,0.3905986394,0.1394602806
preopen,229,2026-07-31,M,0.4082473432,0.435786762,0.1559658947
preopen,230,2026-08-03,M,0.3254308233,0.5412090849,0.1333600917
preopen,231,2026-08-04,M,0.4182556861,0.4732873798,0.1084569341
preopen,232,2026-08-05,M,0.3742432577,0.5155305842,0.110226158
preopen,233,2026-08-06,M,0.4301629369,0.4639510964,0.1058859667
preopen,234,2026-08-07,M,0.4325315063,0.4710407233,0.09642777047
preopen,235,2026-08-10,M,0.4483495374,0.4211164436,0.130534019
preopen,236,2026-08-11,M,0.4477494871,0.4535029239,0.09874758898
preopen,237,2026-08-12,M,0.4419120113,0.4444387097,0.1136492789
preopen,238,2026-08-13,M,0.4289327214,0.4748742193,0.0961930593
preopen,239,2026-08-14,M,0.4604090967,0.4343786253,0.105212278
preopen,240,2026-08-17,M,0.4459426574,0.4478846928,0.1061726498
preopen,241,2026-08-18,M,0.4751442198,0.4296288041,0.09522697611
preopen,242,2026-08-19,M,0.4341629852,0.4846514994,0.08118551539
preopen,243,2026-08-20,M,0.4662059619,0.4160881713,0.1177058668
preopen,244,2026-08-21,M,0.4740120828,0.4256158708,0.1003720464
preopen,245,2026-08-24,M,0.4453294973,0.4612311292,0.09343937345
preopen,246,2026-08-25,M,0.4291477563,0.4822492109,0.08860303281
preopen,247,2026-08-26,M,0.4569011775,0.4421022921,0.1009965304
preopen,248,2026-08-27,M,0.4183252409,0.4636257657,0.1180489935
preopen,249,2026-08-28,M,0.4668865752,0.4280731096,0.1050403152
preopen,250,2026-08-31,M,0.4880715737,0.4098637479,0.1020646784
preopen,251,2026-09-01,M,0.3940767127,0.4868372102,0.1190860771
preopen,252,2026-09-02,M,0.4319100206,0.4749493075,0.09314067195
preopen,253,2026-09-03,M,0.4066551088,0.5110629964,0.08228189481
preopen,254,2026-09-04,M,0.4082707712,0.4630550565,0.1286741723
preopen,255,2026-09-08,M,0.4434127726,0.4593717203,0.09721550708
preopen,256,2026-09-09,M,0.485179653,0.4136116641,0.101208683
preopen,257,2026-09-10,M,0.5722713589,0.3354691538,0.09225948732
preopen,258,2026-09-11,M,0.4943777935,0.4059360511,0.09968615535
preopen,259,2026-09-14,M,0.4407004613,0.4818850826,0.0774144561
preopen,260,2026-09-15,M,0.4771943828,0.4260614799,0.0967441373
preopen,261,2026-09-16,M,0.3176357575,0.5812483344,0.1011159081
preopen,262,2026-09-17,M,0.418878979,0.4873177734,0.09380324762
preopen,263,2026-09-18,M,0.4200611531,0.4760654275,0.1038734194
preopen,264,2026-09-21,M,0.3553311176,0.573450217,0.07121866532
preopen,265,2026-09-22,M,0.3418049678,0.57243759,0.08575744219
preopen,266,2026-09-23,M,0.4267350439,0.4636465769,0.1096183792
preopen,267,2026-09-24,M,0.4464686345,0.463838375,0.08969299049
preopen,268,2026-09-25,M,0.4042663189,0.5323344018,0.06339927921
preopen,269,2026-09-28,M,0.4438201232,0.4419261103,0.1142537665
preopen,270,2026-09-29,M,0.4141997766,0.4915818472,0.09421837628
preopen,271,2026-09-30,M,0.3755161507,0.55210235,0.07238149927
preopen,272,2026-10-01,M,0.333873363,0.5147972785,0.1513293585
preopen,273,2026-10-02,M,0.3758886748,0.5226205003,0.1014908248
preopen,274,2026-10-05,M,0.4285449213,0.4644455576,0.1070095212
preopen,275,2026-10-06,M,0.3898811986,0.5176140115,0.0925047899
preopen,276,2026-10-07,M,0.4262235938,0.4516349972,0.122141409
preopen,277,2026-10-08,M,0.4499861949,0.4549149897,0.09509881535
preopen,278,2026-10-09,M,0.4390828097,0.4585883353,0.102328855
preopen,120,2026-02-24,P,0.501531109,0.4375948045,0.06087408643
preopen,121,2026-02-25,P,0.5069131643,0.4215573641,0.0715294716
preopen,122,2026-02-26,P,0.4949445087,0.440665312,0.06439017931
preopen,123,2026-02-27,P,0.4453358289,0.520398114,0.03426605706
preopen,124,2026-03-02,P,0.512787111,0.4418088247,0.04540406435
preopen,125,2026-03-03,P,0.3054779031,0.6667495853,0.02777251154
preopen,126,2026-03-04,P,0.4753394447,0.4705630527,0.05409750263
preopen,127,2026-03-05,P,0.2607140877,0.7117019362,0.0275839761
preopen,128,2026-03-06,P,0.3757703867,0.5975353134,0.02669429988
preopen,129,2026-03-09,P,0.4991854827,0.4541428978,0.0466716195
preopen,130,2026-03-10,P,0.3130434789,0.6483694592,0.03858706194
preopen,131,2026-03-11,P,0.4876340822,0.4563310097,0.05603490814
preopen,132,2026-03-12,P,0.4662536073,0.4956916817,0.03805471103
preopen,133,2026-03-13,P,0.4360795837,0.4885964306,0.07532398563
preopen,134,2026-03-16,P,0.4731517933,0.454900608,0.07194759878
preopen,135,2026-03-17,P,0.6172308781,0.2911074358,0.0916616861
preopen,136,2026-03-18,P,0.4640558015,0.4836013541,0.05234284436
preopen,137,2026-03-19,P,0.4251174516,0.5460995272,0.02878302123
preopen,138,2026-03-20,P,0.3353611948,0.6161341574,0.04850464787
preopen,139,2026-03-23,P,0.4668011706,0.4547561248,0.07844270456
preopen,140,2026-03-24,P,0.4636537005,0.4769269028,0.05941939665
preopen,141,2026-03-25,P,0.3356939897,0.6141030622,0.05020294811
preopen,142,2026-03-26,P,0.4047173199,0.4821692943,0.1131133859
preopen,143,2026-03-27,P,0.333421408,0.5819546675,0.08462392452
preopen,144,2026-03-30,P,0.432290685,0.5143162551,0.05339305984
preopen,145,2026-03-31,P,0.352368515,0.5883919614,0.05923952358
preopen,146,2026-04-01,P,0.4632891314,0.4462264805,0.09048438809
preopen,147,2026-04-02,P,0.4047173199,0.4821692943,0.1131133859
preopen,148,2026-04-06,P,0.4344265432,0.5131849605,0.0523884963
preopen,149,2026-04-07,P,0.3925245647,0.5121618604,0.09531357492
preopen,150,2026-04-08,P,0.209574755,0.6975259129,0.09289933215
preopen,151,2026-04-09,P,0.4637725944,0.4690282369,0.06719916866
preopen,152,2026-04-10,P,0.4739107886,0.4170199398,0.1090692716
preopen,153,2026-04-13,P,0.5179145139,0.393098962,0.0889865241
preopen,154,2026-04-14,P,0.44027041,0.4103730206,0.1493565694
preopen,155,2026-04-15,P,0.5159867059,0.3943954061,0.08961788795
preopen,156,2026-04-16,P,0.4691191245,0.4413364208,0.08954445468
preopen,157,2026-04-17,P,0.467383541,0.36034389,0.1722725691
preopen,158,2026-04-20,P,0.4564729489,0.4616458692,0.08188118194
preopen,159,2026-04-21,P,0.3965850693,0.5202444838,0.08317044687
preopen,160,2026-04-22,P,0.5552172468,0.3124629042,0.1323198489
preopen,161,2026-04-23,P,0.4498543959,0.4918578746,0.05828772956
preopen,162,2026-04-24,P,0.3716946745,0.4533369664,0.1749683591
preopen,163,2026-04-27,P,0.3695794362,0.5274512857,0.1029692781
preopen,164,2026-04-28,P,0.4769585352,0.4019469753,0.1210944895
preopen,165,2026-04-29,P,0.3785930049,0.5241792957,0.09722769945
preopen,166,2026-04-30,P,0.3343424798,0.5346308602,0.1310266599
preopen,167,2026-05-01,P,0.4684308708,0.3799515209,0.1516176083
preopen,168,2026-05-04,P,0.5106596039,0.4106919553,0.07864844078
preopen,169,2026-05-05,P,0.5006818694,0.3814509445,0.1178671861
preopen,170,2026-05-06,P,0.2872743454,0.4689128996,0.243812755
preopen,171,2026-05-07,P,0.4542928977,0.4506506697,0.09505643261
preopen,172,2026-05-08,P,0.4738778838,0.4160249976,0.1100971186
preopen,173,2026-05-11,P,0.3661820621,0.5715913786,0.06222655926
preopen,174,2026-05-12,P,0.4921470089,0.4147467485,0.09310624251
preopen,175,2026-05-13,P,0.3830372209,0.4757981902,0.1411645889
preopen,176,2026-05-14,P,0.3862100103,0.5393024874,0.07448750232
preopen,177,2026-05-15,P,0.4457904108,0.4318846772,0.122324912
preopen,178,2026-05-18,P,0.4165586489,0.4659129197,0.1175284314
preopen,179,2026-05-19,P,0.4291440721,0.5058185139,0.06503741392
preopen,180,2026-05-20,P,0.4119073357,0.518220977,0.06987168727
preopen,181,2026-05-21,P,0.2823367822,0.6423011796,0.07536203817
preopen,182,2026-05-22,P,0.4755590428,0.438774627,0.08566633022
preopen,183,2026-05-26,P,0.4499206077,0.3491870114,0.2008923809
preopen,184,2026-05-27,P,0.4498560232,0.4792860783,0.07085789852
preopen,185,2026-05-28,P,0.5091596177,0.394361873,0.09647850929
preopen,186,2026-05-29,P,0.5036699857,0.4157667185,0.08056329585
preopen,187,2026-06-01,P,0.4179413647,0.5108512743,0.07120736101
preopen,188,2026-06-02,P,0.4508903195,0.461609079,0.08750060149
preopen,189,2026-06-03,P,0.4845200112,0.444243279,0.07123670985
preopen,190,2026-06-04,P,0.4574054372,0.4650184333,0.07757612953
preopen,191,2026-06-05,P,0.4477596631,0.4806315668,0.07160877009
preopen,192,2026-06-08,P,0.5434938943,0.3308665619,0.1256395438
preopen,193,2026-06-09,P,0.428863809,0.5077173659,0.06341882511
preopen,194,2026-06-10,P,0.3199672789,0.5709441133,0.1090886078
preopen,195,2026-06-11,P,0.4724132896,0.480340741,0.04724596943
preopen,196,2026-06-12,P,0.3729176678,0.5205057511,0.1065765812
preopen,197,2026-06-15,P,0.4583302774,0.4003783957,0.1412913269
preopen,198,2026-06-16,P,0.4244794535,0.5012649796,0.07425556696
preopen,199,2026-06-17,P,0.4627406593,0.4317736652,0.1054856755
preopen,200,2026-06-18,P,0.4888203997,0.2658095803,0.24537002
preopen,201,2026-06-22,P,0.4867777506,0.4517866216,0.06143562776
preopen,202,2026-06-23,P,0.4274196583,0.4876134489,0.08496689278
preopen,203,2026-06-24,P,0.5980419336,0.3440163104,0.05794175601
preopen,204,2026-06-25,P,0.3188804396,0.5936165728,0.08750298759
preopen,205,2026-06-26,P,0.4022638507,0.5138744651,0.08386168422
preopen,206,2026-06-29,P,0.5349680065,0.4113149782,0.0537170153
preopen,207,2026-06-30,P,0.4748514993,0.4464250768,0.07872342393
preopen,208,2026-07-01,P,0.5195014966,0.3991979757,0.08130052767
preopen,209,2026-07-02,P,0.4380995727,0.481993489,0.0799069383
preopen,210,2026-07-06,P,0.3183273264,0.6069674362,0.07470523743
preopen,211,2026-07-07,P,0.479325199,0.4279559944,0.09271880662
preopen,212,2026-07-08,P,0.3969948703,0.4831686571,0.1198364726
preopen,213,2026-07-09,P,0.3738800892,0.5428551133,0.08326479746
preopen,214,2026-07-10,P,0.4360232955,0.4731429944,0.09083371014
preopen,215,2026-07-13,P,0.4423207252,0.4711563387,0.08652293608
preopen,216,2026-07-14,P,0.369640027,0.4656863684,0.1646736046
preopen,217,2026-07-15,P,0.5131069511,0.4047344189,0.08215862997
preopen,218,2026-07-16,P,0.431350511,0.4776727,0.09097678904
preopen,219,2026-07-17,P,0.5614819709,0.3733241461,0.06519388293
preopen,220,2026-07-20,P,0.3693965824,0.5710431096,0.05956030806
preopen,221,2026-07-21,P,0.5052105025,0.3947940217,0.09999547577
preopen,222,2026-07-22,P,0.4416210835,0.4655051721,0.09287374432
preopen,223,2026-07-23,P,0.4717327924,0.4651154576,0.06315175004
preopen,224,2026-07-24,P,0.4534458476,0.4631937468,0.08336040555
preopen,225,2026-07-27,P,0.390690203,0.5195725356,0.08973726148
preopen,226,2026-07-28,P,0.5344686233,0.404097894,0.06143348268
preopen,227,2026-07-29,P,0.3857119343,0.5464720922,0.06781597349
preopen,228,2026-07-30,P,0.5351768215,0.2530924067,0.2117307717
preopen,229,2026-07-31,P,0.4235908502,0.4276954763,0.1487136735
preopen,230,2026-08-03,P,0.5055773036,0.4222270777,0.07219561872
preopen,231,2026-08-04,P,0.329496371,0.5371129951,0.1333906339
preopen,232,2026-08-05,P,0.4164386154,0.5051923387,0.07836904591
preopen,233,2026-08-06,P,0.544918835,0.3821318628,0.07294930226
preopen,234,2026-08-07,P,0.3606623268,0.4905873578,0.1487503154
preopen,235,2026-08-10,P,0.5396561795,0.3720167624,0.08832705806
preopen,236,2026-08-11,P,0.4988417218,0.4119675304,0.08919074782
preopen,237,2026-08-12,P,0.4643660831,0.3868408676,0.1487930493
preopen,238,2026-08-13,P,0.4467775418,0.4688382484,0.08438420973
preopen,239,2026-08-14,P,0.4554103215,0.4547110369,0.08987864161
preopen,240,2026-08-17,P,0.4400978484,0.4614132426,0.09848890908
preopen,241,2026-08-18,P,0.3021015154,0.5894524441,0.1084460405
preopen,242,2026-08-19,P,0.4843631424,0.4182864748,0.09735038283
preopen,243,2026-08-20,P,0.4588310941,0.4621413051,0.07902760073
preopen,244,2026-08-21,P,0.4080413907,0.4813561644,0.1106024449
preopen,245,2026-08-24,P,0.4485995815,0.4518359779,0.09956444062
preopen,246,2026-08-25,P,0.3653456452,0.5394036377,0.09525071708
preopen,247,2026-08-26,P,0.4192384756,0.4758954518,0.1048660726
preopen,248,2026-08-27,P,0.3608217945,0.5327245339,0.1064536717
preopen,249,2026-08-28,P,0.4239282612,0.4618969314,0.1141748074
preopen,250,2026-08-31,P,0.4657085788,0.429889044,0.1044023772
preopen,251,2026-09-01,P,0.3203072366,0.5870472623,0.09264550112
preopen,252,2026-09-02,P,0.472355601,0.4273382605,0.1003061385
preopen,253,2026-09-03,P,0.4192405522,0.4541706928,0.1265887551
preopen,254,2026-09-04,P,0.3703279112,0.5438292399,0.08584284894
preopen,255,2026-09-08,P,0.4128867481,0.4870721107,0.1000411412
preopen,256,2026-09-09,P,0.5192769754,0.3555700967,0.1251529279
preopen,257,2026-09-10,P,0.331532068,0.5740367676,0.09443116447
preopen,258,2026-09-11,P,0.43082172,0.4393519849,0.1298262951
preopen,259,2026-09-14,P,0.3966140346,0.5211414601,0.08224450539
preopen,260,2026-09-15,P,0.3861756051,0.5288512363,0.08497315862
preopen,261,2026-09-16,P,0.5315946129,0.397499059,0.07090632809
preopen,262,2026-09-17,P,0.4120723612,0.4015651388,0.1863625
preopen,263,2026-09-18,P,0.4426762414,0.4611595186,0.09616424007
preopen,264,2026-09-21,P,0.3359595914,0.53883087,0.1252095386
preopen,265,2026-09-22,P,0.4629695426,0.4649941078,0.07203634965
preopen,266,2026-09-23,P,0.4381091681,0.4564017541,0.1054890778
preopen,267,2026-09-24,P,0.4758644274,0.4305897587,0.09354581384
preopen,268,2026-09-25,P,0.4015579287,0.5224133342,0.07602873708
preopen,269,2026-09-28,P,0.466186413,0.4369603488,0.0968532382
preopen,270,2026-09-29,P,0.557758218,0.3565775004,0.0856642816
preopen,271,2026-09-30,P,0.4807585168,0.4277310061,0.09151047704
preopen,272,2026-10-01,P,0.4489135694,0.4629828082,0.08810362243
preopen,273,2026-10-02,P,0.4949971933,0.3506643477,0.154338459
preopen,274,2026-10-05,P,0.4490675872,0.4430164129,0.107916
preopen,275,2026-10-06,P,0.4173260948,0.479416362,0.1032575432
preopen,276,2026-10-07,P,0.4344573815,0.4269821484,0.1385604702
preopen,277,2026-10-08,P,0.447318635,0.4540623075,0.09861905752
preopen,278,2026-10-09,P,0.3699914329,0.5171590254,0.1128495417
preopen,120,2026-02-24,A,0.4583333333,0.425,0.1166666667
preopen,121,2026-02-25,A,0.4545454545,0.4297520661,0.1157024793
preopen,122,2026-02-26,A,0.4508196721,0.4344262295,0.1147540984
preopen,123,2026-02-27,A,0.4552845528,0.4308943089,0.1138211382
preopen,124,2026-03-02,A,0.4516129032,0.435483871,0.1129032258
preopen,125,2026-03-03,A,0.448,0.44,0.112
preopen,126,2026-03-04,A,0.4444444444,0.4365079365,0.119047619
preopen,127,2026-03-05,A,0.4409448819,0.4330708661,0.125984252
preopen,128,2026-03-06,A,0.4375,0.4375,0.125
preopen,129,2026-03-09,A,0.4341085271,0.4341085271,0.1317829457
preopen,130,2026-03-10,A,0.4384615385,0.4307692308,0.1307692308
preopen,131,2026-03-11,A,0.4351145038,0.4351145038,0.1297709924
preopen,132,2026-03-12,A,0.4318181818,0.4393939394,0.1287878788
preopen,133,2026-03-13,A,0.4360902256,0.4360902256,0.1278195489
preopen,134,2026-03-16,A,0.4328358209,0.4402985075,0.1268656716
preopen,135,2026-03-17,A,0.4296296296,0.4444444444,0.1259259259
preopen,136,2026-03-18,A,0.4264705882,0.4485294118,0.125
preopen,137,2026-03-19,A,0.4233576642,0.4525547445,0.1240875912
preopen,138,2026-03-20,A,0.4202898551,0.4492753623,0.1304347826
preopen,139,2026-03-23,A,0.4244604317,0.4460431655,0.1294964029
preopen,140,2026-03-24,A,0.4214285714,0.4428571429,0.1357142857
preopen,141,2026-03-25,A,0.4255319149,0.4397163121,0.134751773
preopen,142,2026-03-26,A,0.4225352113,0.4436619718,0.1338028169
preopen,143,2026-03-27,A,0.4195804196,0.4405594406,0.1398601399
preopen,144,2026-03-30,A,0.4236111111,0.4375,0.1388888889
preopen,145,2026-03-31,A,0.4275862069,0.4344827586,0.1379310345
preopen,146,2026-04-01,A,0.4246575342,0.4383561644,0.1369863014
preopen,147,2026-04-02,A,0.4217687075,0.4353741497,0.1428571429
preopen,148,2026-04-06,A,0.4256756757,0.4324324324,0.1418918919
preopen,149,2026-04-07,A,0.4228187919,0.4362416107,0.1409395973
preopen,150,2026-04-08,A,0.4266666667,0.4333333333,0.14
preopen,151,2026-04-09,A,0.4304635762,0.4304635762,0.1390728477
preopen,152,2026-04-10,A,0.4276315789,0.4342105263,0.1381578947
preopen,153,2026-04-13,A,0.4248366013,0.4379084967,0.137254902
preopen,154,2026-04-14,A,0.4285714286,0.4350649351,0.1363636364
preopen,155,2026-04-15,A,0.4258064516,0.4387096774,0.135483871
preopen,156,2026-04-16,A,0.4294871795,0.4358974359,0.1346153846
preopen,157,2026-04-17,A,0.4331210191,0.4331210191,0.1337579618
preopen,158,2026-04-20,A,0.4303797468,0.4303797468,0.1392405063
preopen,159,2026-04-21,A,0.4339622642,0.427672956,0.1383647799
preopen,160,2026-04-22,A,0.4375,0.425,0.1375
preopen,161,2026-04-23,A,0.4409937888,0.4223602484,0.1366459627
preopen,162,2026-04-24,A,0.4382716049,0.4259259259,0.1358024691
preopen,163,2026-04-27,A,0.4355828221,0.4233128834,0.1411042945
preopen,164,2026-04-28,A,0.4390243902,0.4207317073,0.1402439024
preopen,165,2026-04-29,A,0.4363636364,0.4242424242,0.1393939394
preopen,166,2026-04-30,A,0.4397590361,0.421686747,0.1385542169
preopen,167,2026-05-01,A,0.4431137725,0.4191616766,0.1377245509
preopen,168,2026-05-04,A,0.4404761905,0.4226190476,0.1369047619
preopen,169,2026-05-05,A,0.4378698225,0.4201183432,0.1420118343
preopen,170,2026-05-06,A,0.4352941176,0.4235294118,0.1411764706
preopen,171,2026-05-07,A,0.432748538,0.4269005848,0.1403508772
preopen,172,2026-05-08,A,0.4360465116,0.4244186047,0.1395348837
preopen,173,2026-05-11,A,0.4335260116,0.4277456647,0.1387283237
preopen,174,2026-05-12,A,0.4310344828,0.4310344828,0.1379310345
preopen,175,2026-05-13,A,0.4285714286,0.4342857143,0.1371428571
preopen,176,2026-05-14,A,0.4318181818,0.4318181818,0.1363636364
preopen,177,2026-05-15,A,0.4293785311,0.4350282486,0.1355932203
preopen,178,2026-05-18,A,0.4325842697,0.4325842697,0.1348314607
preopen,179,2026-05-19,A,0.4357541899,0.4301675978,0.1340782123
preopen,180,2026-05-20,A,0.4333333333,0.4333333333,0.1333333333
preopen,181,2026-05-21,A,0.4309392265,0.4364640884,0.1325966851
preopen,182,2026-05-22,A,0.4285714286,0.4340659341,0.1373626374
preopen,183,2026-05-26,A,0.4262295082,0.4371584699,0.1366120219
preopen,184,2026-05-27,A,0.4239130435,0.4402173913,0.1358695652
preopen,185,2026-05-28,A,0.427027027,0.4378378378,0.1351351351
preopen,186,2026-05-29,A,0.4301075269,0.435483871,0.1344086022
preopen,187,2026-06-01,A,0.4278074866,0.4385026738,0.1336898396
preopen,188,2026-06-02,A,0.4255319149,0.4414893617,0.1329787234
preopen,189,2026-06-03,A,0.4285714286,0.4391534392,0.1322751323
preopen,190,2026-06-04,A,0.4315789474,0.4368421053,0.1315789474
preopen,191,2026-06-05,A,0.4345549738,0.4345549738,0.1308900524
preopen,192,2026-06-08,A,0.4375,0.4322916667,0.1302083333
preopen,193,2026-06-09,A,0.4352331606,0.4300518135,0.1347150259
preopen,194,2026-06-10,A,0.4329896907,0.4329896907,0.1340206186
preopen,195,2026-06-11,A,0.4307692308,0.4358974359,0.1333333333
preopen,196,2026-06-12,A,0.4336734694,0.4336734694,0.1326530612
preopen,197,2026-06-15,A,0.4365482234,0.4314720812,0.1319796954
preopen,198,2026-06-16,A,0.4343434343,0.4343434343,0.1313131313
preopen,199,2026-06-17,A,0.432160804,0.432160804,0.135678392
preopen,200,2026-06-18,A,0.43,0.43,0.14
preopen,201,2026-06-22,A,0.4328358209,0.4278606965,0.1393034826
preopen,202,2026-06-23,A,0.4356435644,0.4257425743,0.1386138614
preopen,203,2026-06-24,A,0.4334975369,0.4285714286,0.1379310345
preopen,204,2026-06-25,A,0.4362745098,0.4264705882,0.137254902
preopen,205,2026-06-26,A,0.4390243902,0.4243902439,0.1365853659
preopen,206,2026-06-29,A,0.4417475728,0.4223300971,0.1359223301
preopen,207,2026-06-30,A,0.4396135266,0.4251207729,0.1352657005
preopen,208,2026-07-01,A,0.4375,0.4278846154,0.1346153846
preopen,209,2026-07-02,A,0.4401913876,0.4258373206,0.1339712919
preopen,210,2026-07-06,A,0.4380952381,0.4285714286,0.1333333333
preopen,211,2026-07-07,A,0.4360189573,0.4312796209,0.1327014218
preopen,212,2026-07-08,A,0.4339622642,0.429245283,0.1367924528
preopen,213,2026-07-09,A,0.4319248826,0.4319248826,0.1361502347
preopen,214,2026-07-10,A,0.4299065421,0.4345794393,0.1355140187
preopen,215,2026-07-13,A,0.4279069767,0.4372093023,0.1348837209
preopen,216,2026-07-14,A,0.4305555556,0.4351851852,0.1342592593
preopen,217,2026-07-15,A,0.4331797235,0.4331797235,0.133640553
preopen,218,2026-07-16,A,0.4357798165,0.4311926606,0.1330275229
preopen,219,2026-07-17,A,0.4383561644,0.4292237443,0.1324200913
preopen,220,2026-07-20,A,0.4409090909,0.4272727273,0.1318181818
preopen,221,2026-07-21,A,0.4389140271,0.4298642534,0.1312217195
preopen,222,2026-07-22,A,0.4414414414,0.4279279279,0.1306306306
preopen,223,2026-07-23,A,0.4394618834,0.4304932735,0.130044843
preopen,224,2026-07-24,A,0.4375,0.4330357143,0.1294642857
preopen,225,2026-07-27,A,0.44,0.4311111111,0.1288888889
preopen,226,2026-07-28,A,0.4424778761,0.4292035398,0.1283185841
preopen,227,2026-07-29,A,0.4449339207,0.4273127753,0.127753304
preopen,228,2026-07-30,A,0.4429824561,0.4254385965,0.1315789474
preopen,229,2026-07-31,A,0.4410480349,0.4279475983,0.1310043668
preopen,230,2026-08-03,A,0.4434782609,0.4260869565,0.1304347826
preopen,231,2026-08-04,A,0.4415584416,0.4285714286,0.1298701299
preopen,232,2026-08-05,A,0.4396551724,0.4310344828,0.1293103448
preopen,233,2026-08-06,A,0.4377682403,0.4334763948,0.1287553648
preopen,234,2026-08-07,A,0.4358974359,0.4358974359,0.1282051282
preopen,235,2026-08-10,A,0.4340425532,0.4382978723,0.1276595745
preopen,236,2026-08-11,A,0.436440678,0.436440678,0.1271186441
preopen,237,2026-08-12,A,0.4388185654,0.4345991561,0.1265822785
preopen,238,2026-08-13,A,0.4411764706,0.4327731092,0.1260504202
preopen,239,2026-08-14,A,0.4393305439,0.4351464435,0.1255230126
preopen,240,2026-08-17,A,0.4375,0.4375,0.125
preopen,241,2026-08-18,A,0.4398340249,0.4356846473,0.1244813278
preopen,242,2026-08-19,A,0.4380165289,0.4338842975,0.1280991736
preopen,243,2026-08-20,A,0.4403292181,0.4320987654,0.1275720165
preopen,244,2026-08-21,A,0.4385245902,0.4344262295,0.1270491803
preopen,245,2026-08-24,A,0.4408163265,0.4326530612,0.1265306122
preopen,246,2026-08-25,A,0.4430894309,0.4308943089,0.1260162602
preopen,247,2026-08-26,A,0.4412955466,0.4331983806,0.1255060729
preopen,248,2026-08-27,A,0.439516129,0.435483871,0.125
preopen,249,2026-08-28,A,0.437751004,0.437751004,0.124497992
preopen,250,2026-08-31,A,0.436,0.44,0.124
preopen,251,2026-09-01,A,0.438247012,0.438247012,0.1235059761
preopen,252,2026-09-02,A,0.4404761905,0.4365079365,0.123015873
preopen,253,2026-09-03,A,0.442687747,0.4347826087,0.1225296443
preopen,254,2026-09-04,A,0.4409448819,0.437007874,0.1220472441
preopen,255,2026-09-08,A,0.4392156863,0.4392156863,0.1215686275
preopen,256,2026-09-09,A,0.44140625,0.4375,0.12109375
preopen,257,2026-09-10,A,0.439688716,0.439688716,0.1206225681
preopen,258,2026-09-11,A,0.4379844961,0.4418604651,0.1201550388
preopen,259,2026-09-14,A,0.4362934363,0.444015444,0.1196911197
preopen,260,2026-09-15,A,0.4346153846,0.4461538462,0.1192307692
preopen,261,2026-09-16,A,0.4329501916,0.4482758621,0.1187739464
preopen,262,2026-09-17,A,0.4312977099,0.4503816794,0.1183206107
preopen,263,2026-09-18,A,0.433460076,0.4486692015,0.1178707224
preopen,264,2026-09-21,A,0.4318181818,0.446969697,0.1212121212
preopen,265,2026-09-22,A,0.4301886792,0.4490566038,0.120754717
preopen,266,2026-09-23,A,0.4285714286,0.4511278195,0.1203007519
preopen,267,2026-09-24,A,0.4307116105,0.4494382022,0.1198501873
preopen,268,2026-09-25,A,0.4291044776,0.4514925373,0.1194029851
preopen,269,2026-09-28,A,0.4275092937,0.4535315985,0.1189591078
preopen,270,2026-09-29,A,0.4296296296,0.4518518519,0.1185185185
preopen,271,2026-09-30,A,0.4317343173,0.4501845018,0.1180811808
preopen,272,2026-10-01,A,0.4301470588,0.4522058824,0.1176470588
preopen,273,2026-10-02,A,0.4322344322,0.4505494505,0.1172161172
preopen,274,2026-10-05,A,0.4306569343,0.4525547445,0.1167883212
preopen,275,2026-10-06,A,0.4290909091,0.4545454545,0.1163636364
preopen,276,2026-10-07,A,0.4275362319,0.4528985507,0.1195652174
preopen,277,2026-10-08,A,0.4296028881,0.4512635379,0.119133574
preopen,278,2026-10-09,A,0.4316546763,0.4496402878,0.118705036
preopen,120,2026-02-24,B,0.4291666667,0.4125,0.1583333333
preopen,121,2026-02-25,B,0.4272727273,0.4148760331,0.1578512397
preopen,122,2026-02-26,B,0.3254098361,0.5172131148,0.1573770492
preopen,123,2026-02-27,B,0.3276422764,0.6154471545,0.05691056911
preopen,124,2026-03-02,B,0.4258064516,0.4177419355,0.1564516129
preopen,125,2026-03-03,B,0.524,0.42,0.056
preopen,126,2026-03-04,B,0.6222222222,0.3182539683,0.05952380952
preopen,127,2026-03-05,B,0.3204724409,0.6165354331,0.06299212598
preopen,128,2026-03-06,B,0.41875,0.51875,0.0625
preopen,129,2026-03-09,B,0.4170542636,0.5170542636,0.06589147287
preopen,130,2026-03-10,B,0.5192307692,0.3153846154,0.1653846154
preopen,131,2026-03-11,B,0.4175572519,0.5175572519,0.06488549618
preopen,132,2026-03-12,B,0.5159090909,0.4196969697,0.06439393939
preopen,133,2026-03-13,B,0.5180451128,0.4180451128,0.06390977444
preopen,134,2026-03-16,B,0.6164179104,0.3201492537,0.06343283582
preopen,135,2026-03-17,B,0.5148148148,0.4222222222,0.06296296296
preopen,136,2026-03-18,B,0.4132352941,0.5242647059,0.0625
preopen,137,2026-03-19,B,0.4116788321,0.4262773723,0.1620437956
preopen,138,2026-03-20,B,0.6101449275,0.3246376812,0.0652173913
preopen,139,2026-03-23,B,0.3122302158,0.6230215827,0.06474820144
preopen,140,2026-03-24,B,0.2107142857,0.7214285714,0.06785714286
preopen,141,2026-03-25,B,0.2127659574,0.719858156,0.06737588652
preopen,142,2026-03-26,B,0.5112676056,0.4218309859,0.06690140845
preopen,143,2026-03-27,B,0.6097902098,0.3202797203,0.06993006993
preopen,144,2026-03-30,B,0.6118055556,0.31875,0.06944444444
preopen,145,2026-03-31,B,0.5137931034,0.4172413793,0.06896551724
preopen,146,2026-04-01,B,0.3123287671,0.6191780822,0.06849315068
preopen,147,2026-04-02,B,0.4108843537,0.3176870748,0.2714285714
preopen,148,2026-04-06,B,0.3128378378,0.5162162162,0.1709459459
preopen,149,2026-04-07,B,0.511409396,0.4181208054,0.07046979866
preopen,150,2026-04-08,B,0.5133333333,0.3166666667,0.17
preopen,151,2026-04-09,B,0.4152317881,0.5152317881,0.06953642384
preopen,152,2026-04-10,B,0.2138157895,0.5171052632,0.2690789474
preopen,153,2026-04-13,B,0.5124183007,0.3189542484,0.168627451
preopen,154,2026-04-14,B,0.5142857143,0.4175324675,0.06818181818
preopen,155,2026-04-15,B,0.6129032258,0.3193548387,0.06774193548
preopen,156,2026-04-16,B,0.5147435897,0.4179487179,0.06730769231
preopen,157,2026-04-17,B,0.3165605096,0.6165605096,0.06687898089
preopen,158,2026-04-20,B,0.5151898734,0.3151898734,0.1696202532
preopen,159,2026-04-21,B,0.2169811321,0.613836478,0.1691823899
preopen,160,2026-04-22,B,0.41875,0.5125,0.06875
preopen,161,2026-04-23,B,0.5204968944,0.4111801242,0.06832298137
preopen,162,2026-04-24,B,0.4191358025,0.412962963,0.1679012346
preopen,163,2026-04-27,B,0.417791411,0.3116564417,0.2705521472
preopen,164,2026-04-28,B,0.4195121951,0.3103658537,0.2701219512
preopen,165,2026-04-29,B,0.4181818182,0.4121212121,0.1696969697
preopen,166,2026-04-30,B,0.4198795181,0.4108433735,0.1692771084
preopen,167,2026-05-01,B,0.3215568862,0.6095808383,0.06886227545
preopen,168,2026-05-04,B,0.6202380952,0.3113095238,0.06845238095
preopen,169,2026-05-05,B,0.5189349112,0.3100591716,0.1710059172
preopen,170,2026-05-06,B,0.5176470588,0.4117647059,0.07058823529
preopen,171,2026-05-07,B,0.516374269,0.3134502924,0.1701754386
preopen,172,2026-05-08,B,0.4180232558,0.4122093023,0.1697674419
preopen,173,2026-05-11,B,0.6167630058,0.3138728324,0.06936416185
preopen,174,2026-05-12,B,0.3155172414,0.3155172414,0.3689655172
preopen,175,2026-05-13,B,0.5142857143,0.4171428571,0.06857142857
preopen,176,2026-05-14,B,0.2159090909,0.5159090909,0.2681818182
preopen,177,2026-05-15,B,0.4146892655,0.4175141243,0.1677966102
preopen,178,2026-05-18,B,0.4162921348,0.4162921348,0.1674157303
preopen,179,2026-05-19,B,0.517877095,0.2150837989,0.2670391061
preopen,180,2026-05-20,B,0.5166666667,0.4166666667,0.06666666667
preopen,181,2026-05-21,B,0.4154696133,0.3182320442,0.2662983425
preopen,182,2026-05-22,B,0.3142857143,0.517032967,0.1686813187
preopen,183,2026-05-26,B,0.5131147541,0.418579235,0.06830601093
preopen,184,2026-05-27,B,0.4119565217,0.5201086957,0.06793478261
preopen,185,2026-05-28,B,0.4135135135,0.5189189189,0.06756756757
preopen,186,2026-05-29,B,0.5150537634,0.3177419355,0.1672043011
preopen,187,2026-06-01,B,0.4139037433,0.5192513369,0.06684491979
preopen,188,2026-06-02,B,0.3127659574,0.6207446809,0.0664893617
preopen,189,2026-06-03,B,0.3142857143,0.5195767196,0.1661375661
preopen,190,2026-06-04,B,0.4157894737,0.4184210526,0.1657894737
preopen,191,2026-06-05,B,0.2172774869,0.6172774869,0.1654450262
preopen,192,2026-06-08,B,0.51875,0.2161458333,0.2651041667
preopen,193,2026-06-09,B,0.3176165803,0.4150259067,0.267357513
preopen,194,2026-06-10,B,0.3164948454,0.6164948454,0.06701030928
preopen,195,2026-06-11,B,0.5153846154,0.4179487179,0.06666666667
preopen,196,2026-06-12,B,0.5168367347,0.4168367347,0.06632653061
preopen,197,2026-06-15,B,0.5182741117,0.3157360406,0.1659898477
preopen,198,2026-06-16,B,0.3171717172,0.4171717172,0.2656565657
preopen,199,2026-06-17,B,0.416080402,0.416080402,0.167839196
preopen,200,2026-06-18,B,0.215,0.515,0.27
preopen,201,2026-06-22,B,0.3164179104,0.4139303483,0.2696517413
preopen,202,2026-06-23,B,0.5178217822,0.3128712871,0.1693069307
preopen,203,2026-06-24,B,0.3167487685,0.6142857143,0.06896551724
preopen,204,2026-06-25,B,0.2181372549,0.7132352941,0.06862745098
preopen,205,2026-06-26,B,0.5195121951,0.312195122,0.1682926829
preopen,206,2026-06-29,B,0.4208737864,0.4111650485,0.167961165
preopen,207,2026-06-30,B,0.6198067633,0.3125603865,0.06763285024
preopen,208,2026-07-01,B,0.61875,0.2139423077,0.1673076923
preopen,209,2026-07-02,B,0.3200956938,0.6129186603,0.06698564593
preopen,210,2026-07-06,B,0.319047619,0.5142857143,0.1666666667
preopen,211,2026-07-07,B,0.3180094787,0.5156398104,0.1663507109
preopen,212,2026-07-08,B,0.4169811321,0.4146226415,0.1683962264
preopen,213,2026-07-09,B,0.5159624413,0.3159624413,0.1680751174
preopen,214,2026-07-10,B,0.214953271,0.7172897196,0.06775700935
preopen,215,2026-07-13,B,0.3139534884,0.5186046512,0.1674418605
preopen,216,2026-07-14,B,0.3152777778,0.4175925926,0.2671296296
preopen,217,2026-07-15,B,0.5165898618,0.3165898618,0.1668202765
preopen,218,2026-07-16,B,0.5178899083,0.4155963303,0.06651376147
preopen,219,2026-07-17,B,0.4191780822,0.5146118721,0.06621004566
preopen,220,2026-07-20,B,0.4204545455,0.3136363636,0.2659090909
preopen,221,2026-07-21,B,0.4194570136,0.5149321267,0.06561085973
preopen,222,2026-07-22,B,0.4207207207,0.513963964,0.06531531532
preopen,223,2026-07-23,B,0.4197309417,0.5152466368,0.06502242152
preopen,224,2026-07-24,B,0.51875,0.4165178571,0.06473214286
preopen,225,2026-07-27,B,0.42,0.4155555556,0.1644444444
preopen,226,2026-07-28,B,0.4212389381,0.3146017699,0.264159292
preopen,227,2026-07-29,B,0.2224669604,0.5136563877,0.263876652
preopen,228,2026-07-30,B,0.5214912281,0.2127192982,0.2657894737
preopen,229,2026-07-31,B,0.5205240175,0.4139737991,0.06550218341
preopen,230,2026-08-03,B,0.4217391304,0.3130434783,0.2652173913
preopen,231,2026-08-04,B,0.4207792208,0.4142857143,0.1649350649
preopen,232,2026-08-05,B,0.6198275862,0.3155172414,0.06465517241
preopen,233,2026-08-06,B,0.3188841202,0.4167381974,0.2643776824
preopen,234,2026-08-07,B,0.4179487179,0.5179487179,0.0641025641
preopen,235,2026-08-10,B,0.4170212766,0.2191489362,0.3638297872
preopen,236,2026-08-11,B,0.318220339,0.518220339,0.163559322
preopen,237,2026-08-12,B,0.4194092827,0.4172995781,0.1632911392
preopen,238,2026-08-13,B,0.5205882353,0.3163865546,0.1630252101
preopen,239,2026-08-14,B,0.419665272,0.4175732218,0.1627615063
preopen,240,2026-08-17,B,0.71875,0.21875,0.0625
preopen,241,2026-08-18,B,0.4199170124,0.5178423237,0.0622406639
preopen,242,2026-08-19,B,0.6190082645,0.2169421488,0.1640495868
preopen,243,2026-08-20,B,0.4201646091,0.5160493827,0.06378600823
preopen,244,2026-08-21,B,0.5192622951,0.4172131148,0.06352459016
preopen,245,2026-08-24,B,0.2204081633,0.7163265306,0.06326530612
preopen,246,2026-08-25,B,0.5215447154,0.3154471545,0.1630081301
preopen,247,2026-08-26,B,0.4206477733,0.4165991903,0.1627530364
preopen,248,2026-08-27,B,0.3197580645,0.6177419355,0.0625
preopen,249,2026-08-28,B,0.418875502,0.418875502,0.162248996
preopen,250,2026-08-31,B,0.618,0.22,0.162
preopen,251,2026-09-01,B,0.419123506,0.519123506,0.06175298805
preopen,252,2026-09-02,B,0.7202380952,0.2182539683,0.06150793651
preopen,253,2026-09-03,B,0.5213438735,0.3173913043,0.1612648221
preopen,254,2026-09-04,B,0.3204724409,0.618503937,0.06102362205
preopen,255,2026-09-08,B,0.2196078431,0.4196078431,0.3607843137
preopen,256,2026-09-09,B,0.320703125,0.61875,0.060546875
preopen,257,2026-09-10,B,0.439688716,0.439688716,0.1206225681
preopen,258,2026-09-11,B,0.5189922481,0.2209302326,0.2600775194
preopen,259,2026-09-14,B,0.5181467181,0.422007722,0.05984555985
preopen,260,2026-09-15,B,0.4173076923,0.5230769231,0.05961538462
preopen,261,2026-09-16,B,0.3164750958,0.524137931,0.1593869732
preopen,262,2026-09-17,B,0.515648855,0.4251908397,0.05916030534
preopen,263,2026-09-18,B,0.316730038,0.5243346008,0.1589353612
preopen,264,2026-09-21,B,0.3159090909,0.5234848485,0.1606060606
preopen,265,2026-09-22,B,0.5150943396,0.2245283019,0.2603773585
preopen,266,2026-09-23,B,0.5142857143,0.4255639098,0.06015037594
preopen,267,2026-09-24,B,0.3153558052,0.6247191011,0.05992509363
preopen,268,2026-09-25,B,0.3145522388,0.5257462687,0.1597014925
preopen,269,2026-09-28,B,0.3137546468,0.6267657993,0.0594795539
preopen,270,2026-09-29,B,0.4148148148,0.4259259259,0.1592592593
preopen,271,2026-09-30,B,0.4158671587,0.5250922509,0.05904059041
preopen,272,2026-10-01,B,0.4150735294,0.4261029412,0.1588235294
preopen,273,2026-10-02,B,0.4161172161,0.4252747253,0.1586080586
preopen,274,2026-10-05,B,0.3153284672,0.4262773723,0.2583941606
preopen,275,2026-10-06,B,0.3145454545,0.5272727273,0.1581818182
preopen,276,2026-10-07,B,0.3137681159,0.5264492754,0.1597826087
preopen,277,2026-10-08,B,0.414801444,0.525631769,0.059566787
preopen,278,2026-10-09,B,0.4158273381,0.5248201439,0.05935251799
preopen,120,2026-02-24,dev:nq_only/gbm,0.6619670737,0.1273587108,0.2106742154
preopen,121,2026-02-25,dev:nq_only/gbm,0.4434357239,0.5201534927,0.0364107834
preopen,122,2026-02-26,dev:nq_only/gbm,0.6619597661,0.1746202144,0.1634200195
preopen,123,2026-02-27,dev:nq_only/gbm,0.6582576735,0.3256478602,0.01609446628
preopen,124,2026-03-02,dev:nq_only/gbm,0.3115626824,0.6235916363,0.06484568127
preopen,125,2026-03-03,dev:nq_only/gbm,0.4076804118,0.562785532,0.02953405621
preopen,126,2026-03-04,dev:nq_only/gbm,0.2120571353,0.5255418333,0.2624010314
preopen,127,2026-03-05,dev:nq_only/gbm,0.2259870825,0.7584251095,0.01558780797
preopen,128,2026-03-06,dev:nq_only/gbm,0.4110798916,0.5674783698,0.02144173863
preopen,129,2026-03-09,dev:nq_only/gbm,0.3597644197,0.5891052546,0.05113032564
preopen,130,2026-03-10,dev:nq_only/gbm,0.1875229715,0.785519784,0.02695724447
preopen,131,2026-03-11,dev:nq_only/gbm,0.3205266413,0.4376867996,0.2417865592
preopen,132,2026-03-12,dev:nq_only/gbm,0.7867758263,0.1717264264,0.04149774735
preopen,133,2026-03-13,dev:nq_only/gbm,0.3092905408,0.5852349028,0.1054745564
preopen,134,2026-03-16,dev:nq_only/gbm,0.7637784486,0.1918381634,0.04438338805
preopen,135,2026-03-17,dev:nq_only/gbm,0.4372423859,0.3589120268,0.2038455873
preopen,136,2026-03-18,dev:nq_only/gbm,0.603602428,0.2868593782,0.1095381938
preopen,137,2026-03-19,dev:nq_only/gbm,0.4122484747,0.5736096368,0.01414188844
preopen,138,2026-03-20,dev:nq_only/gbm,0.106223508,0.6460302335,0.2477462586
preopen,139,2026-03-23,dev:nq_only/gbm,0.4275056279,0.2794517964,0.2930425757
preopen,140,2026-03-24,dev:nq_only/gbm,0.5857046912,0.3323859173,0.08190939154
preopen,141,2026-03-25,dev:nq_only/gbm,0.4633176178,0.4644033032,0.072279079
preopen,142,2026-03-26,dev:nq_only/gbm,0.3920328624,0.4834538336,0.124513304
preopen,143,2026-03-27,dev:nq_only/gbm,0.3796298125,0.4952442571,0.1251259303
preopen,144,2026-03-30,dev:nq_only/gbm,0.479454991,0.4563546341,0.06419037486
preopen,145,2026-03-31,dev:nq_only/gbm,0.455205029,0.4219999091,0.122795062
preopen,146,2026-04-01,dev:nq_only/gbm,0.3433500099,0.4380955187,0.2185544714
preopen,147,2026-04-02,dev:nq_only/gbm,0.3713394996,0.4850677838,0.1435927167
preopen,148,2026-04-06,dev:nq_only/gbm,0.4572411607,0.4845328392,0.05822600005
preopen,149,2026-04-07,dev:nq_only/gbm,0.4459471512,0.4802778221,0.07377502668
preopen,150,2026-04-08,dev:nq_only/gbm,0.3973299517,0.443191528,0.1594785202
preopen,151,2026-04-09,dev:nq_only/gbm,0.5507364253,0.3367593555,0.1125042192
preopen,152,2026-04-10,dev:nq_only/gbm,0.4427784365,0.4653416384,0.09187992507
preopen,153,2026-04-13,dev:nq_only/gbm,0.5747391888,0.2856665481,0.1395942631
preopen,154,2026-04-14,dev:nq_only/gbm,0.2529839129,0.5783620559,0.1686540311
preopen,155,2026-04-15,dev:nq_only/gbm,0.3328976538,0.5374734869,0.1296288593
preopen,156,2026-04-16,dev:nq_only/gbm,0.3328976538,0.5374734869,0.1296288593
preopen,157,2026-04-17,dev:nq_only/gbm,0.6272849602,0.201132395,0.1715826448
preopen,158,2026-04-20,dev:nq_only/gbm,0.5234852812,0.320096071,0.1564186477
preopen,159,2026-04-21,dev:nq_only/gbm,0.2318231202,0.6036139921,0.1645628876
preopen,160,2026-04-22,dev:nq_only/gbm,0.6249833646,0.2136208699,0.1613957655
preopen,161,2026-04-23,dev:nq_only/gbm,0.4959537856,0.4472178901,0.05682832433
preopen,162,2026-04-24,dev:nq_only/gbm,0.3849515339,0.4607585537,0.1542899125
preopen,163,2026-04-27,dev:nq_only/gbm,0.3546140856,0.4011187256,0.2442671888
preopen,164,2026-04-28,dev:nq_only/gbm,0.4775551146,0.3334779253,0.1889669601
preopen,165,2026-04-29,dev:nq_only/gbm,0.2663516205,0.5512425572,0.1824058223
preopen,166,2026-04-30,dev:nq_only/gbm,0.4172869462,0.3138078384,0.2689052154
preopen,167,2026-05-01,dev:nq_only/gbm,0.3604951436,0.4928631996,0.1466416568
preopen,168,2026-05-04,dev:nq_only/gbm,0.3768476183,0.5093475904,0.1138047913
preopen,169,2026-05-05,dev:nq_only/gbm,0.6280527643,0.2097588281,0.1621884075
preopen,170,2026-05-06,dev:nq_only/gbm,0.4090645062,0.335613541,0.2553219527
preopen,171,2026-05-07,dev:nq_only/gbm,0.371527797,0.5075201536,0.1209520494
preopen,172,2026-05-08,dev:nq_only/gbm,0.5364374824,0.3196809109,0.1438816067
preopen,173,2026-05-11,dev:nq_only/gbm,0.2578191236,0.5868267805,0.1553540959
preopen,174,2026-05-12,dev:nq_only/gbm,0.5098539797,0.3824537852,0.1076922351
preopen,175,2026-05-13,dev:nq_only/gbm,0.219568428,0.6778433665,0.1025882055
preopen,176,2026-05-14,dev:nq_only/gbm,0.4178491242,0.4501886926,0.1319621832
preopen,177,2026-05-15,dev:nq_only/gbm,0.4266730046,0.3720541751,0.2012728203
preopen,178,2026-05-18,dev:nq_only/gbm,0.2729015727,0.5331308006,0.1939676268
preopen,179,2026-05-19,dev:nq_only/gbm,0.5494172773,0.2971462828,0.1534364399
preopen,180,2026-05-20,dev:nq_only/gbm,0.4570076186,0.4738343663,0.06915801505
preopen,181,2026-05-21,dev:nq_only/gbm,0.3933434609,0.4951940982,0.1114624409
preopen,182,2026-05-22,dev:nq_only/gbm,0.3987964068,0.5395562963,0.06164729684
preopen,183,2026-05-26,dev:nq_only/gbm,0.5892615655,0.2603495293,0.1503889052
preopen,184,2026-05-27,dev:nq_only/gbm,0.4639242261,0.4091800045,0.1268957695
preopen,185,2026-05-28,dev:nq_only/gbm,0.4390839335,0.4627762663,0.09813980015
preopen,186,2026-05-29,dev:nq_only/gbm,0.4090282538,0.4851471505,0.1058245957
preopen,187,2026-06-01,dev:nq_only/gbm,0.548241615,0.3087381155,0.1430202695
preopen,188,2026-06-02,dev:nq_only/gbm,0.4244279406,0.4740470685,0.101524991
preopen,189,2026-06-03,dev:nq_only/gbm,0.3925106354,0.5156549185,0.09183444608
preopen,190,2026-06-04,dev:nq_only/gbm,0.5129767517,0.3561929557,0.1308302926
preopen,191,2026-06-05,dev:nq_only/gbm,0.4243316735,0.4359737771,0.1396945494
preopen,192,2026-06-08,dev:nq_only/gbm,0.7052974251,0.1568614534,0.1378411215
preopen,193,2026-06-09,dev:nq_only/gbm,0.4819519162,0.4690349325,0.04901315132
preopen,194,2026-06-10,dev:nq_only/gbm,0.5156236405,0.3856779047,0.09869845476
preopen,195,2026-06-11,dev:nq_only/gbm,0.4454307275,0.486615137,0.06795413558
preopen,196,2026-06-12,dev:nq_only/gbm,0.4267580494,0.4472796041,0.1259623465
preopen,197,2026-06-15,dev:nq_only/gbm,0.5812040572,0.3044967092,0.1142992336
preopen,198,2026-06-16,dev:nq_only/gbm,0.4319868866,0.4869744323,0.08103868104
preopen,199,2026-06-17,dev:nq_only/gbm,0.4201403046,0.5298065715,0.0500531239
preopen,200,2026-06-18,dev:nq_only/gbm,0.5269367574,0.2042242967,0.2688389458
preopen,201,2026-06-22,dev:nq_only/gbm,0.3913876784,0.524612581,0.08399974053
preopen,202,2026-06-23,dev:nq_only/gbm,0.4219812248,0.4384651393,0.1395536359
preopen,203,2026-06-24,dev:nq_only/gbm,0.4089138146,0.4928612268,0.0982249586
preopen,204,2026-06-25,dev:nq_only/gbm,0.4292760135,0.4617898329,0.1089341536
preopen,205,2026-06-26,dev:nq_only/gbm,0.3893026334,0.4777123697,0.1329849969
preopen,206,2026-06-29,dev:nq_only/gbm,0.4259310109,0.5086288471,0.06544014202
preopen,207,2026-06-30,dev:nq_only/gbm,0.4445975082,0.3876311124,0.1677713794
preopen,208,2026-07-01,dev:nq_only/gbm,0.4430618224,0.3973237001,0.1596144774
preopen,209,2026-07-02,dev:nq_only/gbm,0.5529383733,0.3717947875,0.07526683927
preopen,210,2026-07-06,dev:nq_only/gbm,0.4149130997,0.5139144926,0.07117240773
preopen,211,2026-07-07,dev:nq_only/gbm,0.4236549087,0.4111687319,0.1651763594
preopen,212,2026-07-08,dev:nq_only/gbm,0.5072302955,0.3571311267,0.1356385779
preopen,213,2026-07-09,dev:nq_only/gbm,0.4465952358,0.4752318475,0.07817291666
preopen,214,2026-07-10,dev:nq_only/gbm,0.4074433433,0.4979979299,0.09455872681
preopen,215,2026-07-13,dev:nq_only/gbm,0.3671735306,0.488367735,0.1444587344
preopen,216,2026-07-14,dev:nq_only/gbm,0.4466949361,0.3190178392,0.2342872247
preopen,217,2026-07-15,dev:nq_only/gbm,0.4095711046,0.5144044924,0.07602440298
preopen,218,2026-07-16,dev:nq_only/gbm,0.5449800766,0.2921603651,0.1628595583
preopen,219,2026-07-17,dev:nq_only/gbm,0.4364812051,0.4274659536,0.1360528414
preopen,220,2026-07-20,dev:nq_only/gbm,0.3788556394,0.5736544554,0.04748990515
preopen,221,2026-07-21,dev:nq_only/gbm,0.5284718854,0.3475948328,0.1239332818
preopen,222,2026-07-22,dev:nq_only/gbm,0.5409180348,0.3177657254,0.1413162398
preopen,223,2026-07-23,dev:nq_only/gbm,0.4913602132,0.3350742448,0.1735655421
preopen,224,2026-07-24,dev:nq_only/gbm,0.4668231449,0.3254574573,0.2077193979
preopen,225,2026-07-27,dev:nq_only/gbm,0.4786132293,0.4483235227,0.073063248
preopen,226,2026-07-28,dev:nq_only/gbm,0.6080566522,0.2574908341,0.1344525136
preopen,227,2026-07-29,dev:nq_only/gbm,0.3725297205,0.4901730041,0.1372972753
preopen,228,2026-07-30,dev:nq_only/gbm,0.4683703696,0.258898033,0.2727315974
preopen,229,2026-07-31,dev:nq_only/gbm,0.4924445865,0.4364610759,0.07109433758
preopen,230,2026-08-03,dev:nq_only/gbm,0.4770705658,0.3328117835,0.1901176507
preopen,231,2026-08-04,dev:nq_only/gbm,0.3325246097,0.6165400375,0.05093535276
preopen,232,2026-08-05,dev:nq_only/gbm,0.4354510519,0.4916684263,0.07288052173
preopen,233,2026-08-06,dev:nq_only/gbm,0.5837936935,0.2638793922,0.1523269142
preopen,234,2026-08-07,dev:nq_only/gbm,0.4104758329,0.5009957366,0.08852843052
preopen,235,2026-08-10,dev:nq_only/gbm,0.438980298,0.3594295273,0.2015901747
preopen,236,2026-08-11,dev:nq_only/gbm,0.387896571,0.5282634598,0.08383996915
preopen,237,2026-08-12,dev:nq_only/gbm,0.4853715939,0.3631604062,0.1514679999
preopen,238,2026-08-13,dev:nq_only/gbm,0.6012786855,0.3216795293,0.07704178525
preopen,239,2026-08-14,dev:nq_only/gbm,0.4910307744,0.4344348673,0.07453435822
preopen,240,2026-08-17,dev:nq_only/gbm,0.402458845,0.3896905358,0.2078506191
preopen,241,2026-08-18,dev:nq_only/gbm,0.3158011616,0.4818178204,0.202381018
preopen,242,2026-08-19,dev:nq_only/gbm,0.3919250338,0.3875289636,0.2205460026
preopen,243,2026-08-20,dev:nq_only/gbm,0.4761510321,0.3814285801,0.1424203878
preopen,244,2026-08-21,dev:nq_only/gbm,0.5263881621,0.3985414569,0.07507038099
preopen,245,2026-08-24,dev:nq_only/gbm,0.4908520311,0.3623304007,0.1468175682
preopen,246,2026-08-25,dev:nq_only/gbm,0.2507297847,0.6935531667,0.05571704862
preopen,247,2026-08-26,dev:nq_only/gbm,0.440952152,0.3691296365,0.1899182115
preopen,248,2026-08-27,dev:nq_only/gbm,0.2773293923,0.4096799585,0.3129906492
preopen,249,2026-08-28,dev:nq_only/gbm,0.4032926344,0.478425113,0.1182822526
preopen,250,2026-08-31,dev:nq_only/gbm,0.450721462,0.4450178595,0.1042606785
preopen,251,2026-09-01,dev:nq_only/gbm,0.3370060256,0.4652373174,0.197756657
preopen,252,2026-09-02,dev:nq_only/gbm,0.3962389691,0.5329378393,0.07082319162
preopen,253,2026-09-03,dev:nq_only/gbm,0.4427370002,0.4611114508,0.09615154896
preopen,254,2026-09-04,dev:nq_only/gbm,0.3334712246,0.5743822266,0.09214654876
preopen,255,2026-09-08,dev:nq_only/gbm,0.2572834787,0.4790757577,0.2636407636
preopen,256,2026-09-09,dev:nq_only/gbm,0.4075833407,0.4630408291,0.1293758302
preopen,257,2026-09-10,dev:nq_only/gbm,0.3033205945,0.5022965527,0.1943828528
preopen,258,2026-09-11,dev:nq_only/gbm,0.5032113883,0.2543664134,0.2424221983
preopen,259,2026-09-14,dev:nq_only/gbm,0.4364985408,0.4023878839,0.1611135753
preopen,260,2026-09-15,dev:nq_only/gbm,0.3452243372,0.5959165072,0.0588591556
preopen,261,2026-09-16,dev:nq_only/gbm,0.5601760865,0.3852567789,0.05456713458
preopen,262,2026-09-17,dev:nq_only/gbm,0.358828878,0.2620807035,0.3790904185
preopen,263,2026-09-18,dev:nq_only/gbm,0.5096839798,0.3821255911,0.1081904291
preopen,264,2026-09-21,dev:nq_only/gbm,0.3613952044,0.5404763499,0.09812844569
preopen,265,2026-09-22,dev:nq_only/gbm,0.3606502048,0.4790855344,0.1602642609
preopen,266,2026-09-23,dev:nq_only/gbm,0.4806943442,0.4259776431,0.09332801267
preopen,267,2026-09-24,dev:nq_only/gbm,0.5468764577,0.3305277761,0.1225957662
preopen,268,2026-09-25,dev:nq_only/gbm,0.4187657932,0.4644876389,0.1167465679
preopen,269,2026-09-28,dev:nq_only/gbm,0.4825850242,0.4291962658,0.08821870994
preopen,270,2026-09-29,dev:nq_only/gbm,0.3611650689,0.5776994945,0.06113543659
preopen,271,2026-09-30,dev:nq_only/gbm,0.4392388043,0.3988917174,0.1618694783
preopen,272,2026-10-01,dev:nq_only/gbm,0.4058507996,0.3704170469,0.2237321535
preopen,273,2026-10-02,dev:nq_only/gbm,0.4324554934,0.2117804277,0.355764079
preopen,274,2026-10-05,dev:nq_only/gbm,0.3430672718,0.4956757511,0.1612569771
preopen,275,2026-10-06,dev:nq_only/gbm,0.4262086765,0.5242793706,0.04951195284
preopen,276,2026-10-07,dev:nq_only/gbm,0.4264656225,0.3689302139,0.2046041636
preopen,277,2026-10-08,dev:nq_only/gbm,0.4334934214,0.4335854764,0.1329211023
preopen,278,2026-10-09,dev:nq_only/gbm,0.2522754439,0.6973542508,0.05037030527
preopen,120,2026-02-24,dev:multi/gbm,0.555584323,0.3886318494,0.05578382761
preopen,121,2026-02-25,dev:multi/gbm,0.4660865842,0.5115829722,0.02233044367
preopen,122,2026-02-26,dev:multi/gbm,0.4932122036,0.4239292103,0.08285858615
preopen,123,2026-02-27,dev:multi/gbm,0.4237945231,0.5706405473,0.005564929552
preopen,124,2026-03-02,dev:multi/gbm,0.3198160138,0.6353313913,0.04485259492
preopen,125,2026-03-03,dev:multi/gbm,0.2984780338,0.6841579529,0.01736401328
preopen,126,2026-03-04,dev:multi/gbm,0.2054326942,0.7688624179,0.02570488794
preopen,127,2026-03-05,dev:multi/gbm,0.3026095408,0.6919075336,0.005482925614
preopen,128,2026-03-06,dev:multi/gbm,0.2940270608,0.6890143651,0.01695857407
preopen,129,2026-03-09,dev:multi/gbm,0.4884017099,0.4982291583,0.01336913176
preopen,130,2026-03-10,dev:multi/gbm,0.3456538112,0.6299375033,0.02440868549
preopen,131,2026-03-11,dev:multi/gbm,0.3909163293,0.5503528286,0.05873084206
preopen,132,2026-03-12,dev:multi/gbm,0.541045676,0.4517654692,0.007188854788
preopen,133,2026-03-13,dev:multi/gbm,0.4377758952,0.4685049119,0.09371919292
preopen,134,2026-03-16,dev:multi/gbm,0.8942809317,0.09457023374,0.01114883452
preopen,135,2026-03-17,dev:multi/gbm,0.5685792495,0.3147052212,0.1167155293
preopen,136,2026-03-18,dev:multi/gbm,0.439344,0.5151975353,0.04545846477
preopen,137,2026-03-19,dev:multi/gbm,0.4804004167,0.5143876854,0.00521189791
preopen,138,2026-03-20,dev:multi/gbm,0.4321866405,0.4807846432,0.08702871638
preopen,139,2026-03-23,dev:multi/gbm,0.7831106826,0.1712929981,0.04559631927
preopen,140,2026-03-24,dev:multi/gbm,0.6147291928,0.3014015468,0.08386926033
preopen,141,2026-03-25,dev:multi/gbm,0.3757557807,0.5647788645,0.05946535484
preopen,142,2026-03-26,dev:multi/gbm,0.5169558563,0.3643091467,0.118734997
preopen,143,2026-03-27,dev:multi/gbm,0.3684470567,0.4252179426,0.2063350007
preopen,144,2026-03-30,dev:multi/gbm,0.4203636659,0.5214513741,0.05818495999
preopen,145,2026-03-31,dev:multi/gbm,0.4878399025,0.4213105565,0.09084954101
preopen,146,2026-04-01,dev:multi/gbm,0.3857766467,0.4694572565,0.1447660969
preopen,147,2026-04-02,dev:multi/gbm,0.2731736929,0.6047445307,0.1220817764
preopen,148,2026-04-06,dev:multi/gbm,0.4107806512,0.53044268,0.05877666879
preopen,149,2026-04-07,dev:multi/gbm,0.5585305467,0.3628568341,0.07861261923
preopen,150,2026-04-08,dev:multi/gbm,0.548059561,0.3116625218,0.1402779171
preopen,151,2026-04-09,dev:multi/gbm,0.466586231,0.432917735,0.1004960339
preopen,152,2026-04-10,dev:multi/gbm,0.3760171476,0.5335884802,0.09039437219
preopen,153,2026-04-13,dev:multi/gbm,0.5066959852,0.3465535138,0.1467505011
preopen,154,2026-04-14,dev:multi/gbm,0.2858048584,0.5209225535,0.1932725881
preopen,155,2026-04-15,dev:multi/gbm,0.3428350591,0.4836701062,0.1734948347
preopen,156,2026-04-16,dev:multi/gbm,0.2219609845,0.6372119357,0.1408270797
preopen,157,2026-04-17,dev:multi/gbm,0.4619840105,0.3554068517,0.1826091378
preopen,158,2026-04-20,dev:multi/gbm,0.3608902909,0.5079824388,0.1311272703
preopen,159,2026-04-21,dev:multi/gbm,0.3694125157,0.4068131636,0.2237743207
preopen,160,2026-04-22,dev:multi/gbm,0.6175335728,0.2408742751,0.141592152
preopen,161,2026-04-23,dev:multi/gbm,0.3764190441,0.5449135304,0.07866742551
preopen,162,2026-04-24,dev:multi/gbm,0.4007366026,0.4226014146,0.1766619828
preopen,163,2026-04-27,dev:multi/gbm,0.3639887643,0.4761189932,0.1598922425
preopen,164,2026-04-28,dev:multi/gbm,0.6032896591,0.2544314199,0.142278921
preopen,165,2026-04-29,dev:multi/gbm,0.3657042186,0.5163274184,0.117968363
preopen,166,2026-04-30,dev:multi/gbm,0.5399221371,0.3207028628,0.1393750001
preopen,167,2026-05-01,dev:multi/gbm,0.4055713963,0.484928825,0.1094997787
preopen,168,2026-05-04,dev:multi/gbm,0.4390436809,0.4809700904,0.07998622872
preopen,169,2026-05-05,dev:multi/gbm,0.569992716,0.2932861765,0.1367211076
preopen,170,2026-05-06,dev:multi/gbm,0.4679350886,0.3415633134,0.1905015979
preopen,171,2026-05-07,dev:multi/gbm,0.5826471564,0.3323115243,0.08504131929
preopen,172,2026-05-08,dev:multi/gbm,0.5190397736,0.3785850958,0.1023751306
preopen,173,2026-05-11,dev:multi/gbm,0.2375561423,0.6587775318,0.1036663259
preopen,174,2026-05-12,dev:multi/gbm,0.6068009703,0.2817124859,0.1114865437
preopen,175,2026-05-13,dev:multi/gbm,0.2636652469,0.66213532,0.07419943303
preopen,176,2026-05-14,dev:multi/gbm,0.3745914594,0.4968250724,0.1285834682
preopen,177,2026-05-15,dev:multi/gbm,0.4824588736,0.2975243178,0.2200168086
preopen,178,2026-05-18,dev:multi/gbm,0.4316189598,0.3937007868,0.1746802535
preopen,179,2026-05-19,dev:multi/gbm,0.6673523711,0.219315419,0.1133322099
preopen,180,2026-05-20,dev:multi/gbm,0.453049348,0.4897879303,0.05716272165
preopen,181,2026-05-21,dev:multi/gbm,0.4344397132,0.4684418684,0.09711841843
preopen,182,2026-05-22,dev:multi/gbm,0.3760479981,0.515169076,0.1087829258
preopen,183,2026-05-26,dev:multi/gbm,0.6211428895,0.272445638,0.1064114725
preopen,184,2026-05-27,dev:multi/gbm,0.5008578236,0.3569955623,0.1421466142
preopen,185,2026-05-28,dev:multi/gbm,0.5299703964,0.3820708236,0.08795878004
preopen,186,2026-05-29,dev:multi/gbm,0.4228652842,0.4855092306,0.09162548523
preopen,187,2026-06-01,dev:multi/gbm,0.420264581,0.3993845545,0.1803508645
preopen,188,2026-06-02,dev:multi/gbm,0.4453523729,0.4646752078,0.08997241928
preopen,189,2026-06-03,dev:multi/gbm,0.4001206129,0.4726354393,0.1272439478
preopen,190,2026-06-04,dev:multi/gbm,0.4396878759,0.4626527164,0.09765940766
preopen,191,2026-06-05,dev:multi/gbm,0.4149755476,0.4160374547,0.1689869977
preopen,192,2026-06-08,dev:multi/gbm,0.6368806855,0.2496065307,0.1135127838
preopen,193,2026-06-09,dev:multi/gbm,0.3931637456,0.5392126441,0.06762361032
preopen,194,2026-06-10,dev:multi/gbm,0.4068860606,0.479743821,0.1133701184
preopen,195,2026-06-11,dev:multi/gbm,0.4683126373,0.4613630392,0.07032432348
preopen,196,2026-06-12,dev:multi/gbm,0.3343671992,0.5568003898,0.108832411
preopen,197,2026-06-15,dev:multi/gbm,0.6120070237,0.2811298236,0.1068631527
preopen,198,2026-06-16,dev:multi/gbm,0.3510188942,0.5609378259,0.08804327993
preopen,199,2026-06-17,dev:multi/gbm,0.5403762599,0.4103075947,0.04931614542
preopen,200,2026-06-18,dev:multi/gbm,0.4323041013,0.2949945947,0.272701304
preopen,201,2026-06-22,dev:multi/gbm,0.4844501512,0.4351920128,0.08035783599
preopen,202,2026-06-23,dev:multi/gbm,0.4570335343,0.4170814037,0.125885062
preopen,203,2026-06-24,dev:multi/gbm,0.6021923756,0.3161459107,0.08166171364
preopen,204,2026-06-25,dev:multi/gbm,0.3941577746,0.4939403717,0.1119018537
preopen,205,2026-06-26,dev:multi/gbm,0.4037031795,0.4823096597,0.1139871607
preopen,206,2026-06-29,dev:multi/gbm,0.4835040001,0.4613207578,0.05517524212
preopen,207,2026-06-30,dev:multi/gbm,0.486754424,0.3687920044,0.1444535716
preopen,208,2026-07-01,dev:multi/gbm,0.315125172,0.5106387322,0.1742360959
preopen,209,2026-07-02,dev:multi/gbm,0.5376805109,0.3815832343,0.08073625483
preopen,210,2026-07-06,dev:multi/gbm,0.3843648145,0.5134333041,0.1022018814
preopen,211,2026-07-07,dev:multi/gbm,0.5172270757,0.3691999556,0.1135729687
preopen,212,2026-07-08,dev:multi/gbm,0.2836810244,0.562990747,0.1533282286
preopen,213,2026-07-09,dev:multi/gbm,0.4938801557,0.420618284,0.08550156033
preopen,214,2026-07-10,dev:multi/gbm,0.3649304868,0.5440427204,0.0910267928
preopen,215,2026-07-13,dev:multi/gbm,0.427018939,0.4573827274,0.1155983336
preopen,216,2026-07-14,dev:multi/gbm,0.5256352557,0.2663401846,0.2080245597
preopen,217,2026-07-15,dev:multi/gbm,0.5867601823,0.3246022105,0.08863760722
preopen,218,2026-07-16,dev:multi/gbm,0.3376346123,0.4566443707,0.205721017
preopen,219,2026-07-17,dev:multi/gbm,0.3040817358,0.5370611479,0.1588571164
preopen,220,2026-07-20,dev:multi/gbm,0.4081716449,0.5112507091,0.08057764595
preopen,221,2026-07-21,dev:multi/gbm,0.5022282423,0.348439447,0.1493323107
preopen,222,2026-07-22,dev:multi/gbm,0.5271293314,0.3115580438,0.1613126248
preopen,223,2026-07-23,dev:multi/gbm,0.4394153382,0.4195825019,0.1410021599
preopen,224,2026-07-24,dev:multi/gbm,0.3271151738,0.513482488,0.1594023382
preopen,225,2026-07-27,dev:multi/gbm,0.3453187661,0.5932224605,0.06145877347
preopen,226,2026-07-28,dev:multi/gbm,0.5051943743,0.3650800029,0.1297256228
preopen,227,2026-07-29,dev:multi/gbm,0.4428328535,0.4419934558,0.1151736907
preopen,228,2026-07-30,dev:multi/gbm,0.4124479062,0.3867972392,0.2007548546
preopen,229,2026-07-31,dev:multi/gbm,0.5330276864,0.3616461506,0.1053261631
preopen,230,2026-08-03,dev:multi/gbm,0.377727245,0.4548981421,0.1673746128
preopen,231,2026-08-04,dev:multi/gbm,0.2359346063,0.6954469968,0.06861839688
preopen,232,2026-08-05,dev:multi/gbm,0.3616729208,0.5434437218,0.09488335734
preopen,233,2026-08-06,dev:multi/gbm,0.4947936181,0.3558385014,0.1493678804
preopen,234,2026-08-07,dev:multi/gbm,0.2770397339,0.6028160262,0.1201442399
preopen,235,2026-08-10,dev:multi/gbm,0.1980245072,0.6735209096,0.1284545831
preopen,236,2026-08-11,dev:multi/gbm,0.4512123505,0.4517100686,0.09707758083
preopen,237,2026-08-12,dev:multi/gbm,0.3360214625,0.5008638855,0.163114652
preopen,238,2026-08-13,dev:multi/gbm,0.3014674955,0.6262046468,0.07232785777
preopen,239,2026-08-14,dev:multi/gbm,0.3009671722,0.5651146434,0.1339181844
preopen,240,2026-08-17,dev:multi/gbm,0.2532486825,0.6122622463,0.1344890712
preopen,241,2026-08-18,dev:multi/gbm,0.3964042367,0.4781650578,0.1254307055
preopen,242,2026-08-19,dev:multi/gbm,0.2634595616,0.5349532492,0.2015871892
preopen,243,2026-08-20,dev:multi/gbm,0.332920116,0.5199894606,0.1470904233
preopen,244,2026-08-21,dev:multi/gbm,0.3251754896,0.5886119127,0.08621259777
preopen,245,2026-08-24,dev:multi/gbm,0.4977627593,0.4146529445,0.08758429613
preopen,246,2026-08-25,dev:multi/gbm,0.330496748,0.6159693244,0.05353392761
preopen,247,2026-08-26,dev:multi/gbm,0.6216251736,0.2784718877,0.09990293871
preopen,248,2026-08-27,dev:multi/gbm,0.2874972167,0.5296692,0.1828335833
preopen,249,2026-08-28,dev:multi/gbm,0.3259748418,0.5399399947,0.1340851635
preopen,250,2026-08-31,dev:multi/gbm,0.3721912243,0.5053603067,0.1224484691
preopen,251,2026-09-01,dev:multi/gbm,0.4495773314,0.4000892959,0.1503333728
preopen,252,2026-09-02,dev:multi/gbm,0.2995389788,0.6248813904,0.07557963073
preopen,253,2026-09-03,dev:multi/gbm,0.3069065507,0.5672338125,0.1258596367
preopen,254,2026-09-04,dev:multi/gbm,0.2816895579,0.6240169254,0.09429351673
preopen,255,2026-09-08,dev:multi/gbm,0.2912248035,0.5573572408,0.1514179557
preopen,256,2026-09-09,dev:multi/gbm,0.4254382748,0.4540145409,0.1205471844
preopen,257,2026-09-10,dev:multi/gbm,0.6809881143,0.198061781,0.1209501047
preopen,258,2026-09-11,dev:multi/gbm,0.4175301193,0.3724150671,0.2100548135
preopen,259,2026-09-14,dev:multi/gbm,0.3033800222,0.5518583002,0.1447616775
preopen,260,2026-09-15,dev:multi/gbm,0.3714503684,0.5685906483,0.05995898331
preopen,261,2026-09-16,dev:multi/gbm,0.3916314496,0.5651772343,0.04319131611
preopen,262,2026-09-17,dev:multi/gbm,0.3742105264,0.4755751432,0.1502143304
preopen,263,2026-09-18,dev:multi/gbm,0.4290766586,0.4941276241,0.07679571728
preopen,264,2026-09-21,dev:multi/gbm,0.3842183524,0.5529314995,0.06285014815
preopen,265,2026-09-22,dev:multi/gbm,0.2665782487,0.6662439244,0.06717782686
preopen,266,2026-09-23,dev:multi/gbm,0.2425438427,0.6725340869,0.08492207037
preopen,267,2026-09-24,dev:multi/gbm,0.4627601066,0.414843421,0.1223964724
preopen,268,2026-09-25,dev:multi/gbm,0.5222246537,0.3823984805,0.09537686583
preopen,269,2026-09-28,dev:multi/gbm,0.4081684013,0.4798394117,0.111992187
preopen,270,2026-09-29,dev:multi/gbm,0.3793368843,0.5124895585,0.1081735572
preopen,271,2026-09-30,dev:multi/gbm,0.4020620832,0.4670904547,0.1308474621
preopen,272,2026-10-01,dev:multi/gbm,0.3141111179,0.4747175691,0.211171313
preopen,273,2026-10-02,dev:multi/gbm,0.3364166413,0.3961771078,0.2674062509
preopen,274,2026-10-05,dev:multi/gbm,0.3583683495,0.458846429,0.1827852214
preopen,275,2026-10-06,dev:multi/gbm,0.3844486434,0.5301050868,0.08544626989
preopen,276,2026-10-07,dev:multi/gbm,0.3565984787,0.4796650288,0.1637364925
preopen,277,2026-10-08,dev:multi/gbm,0.4338098327,0.4222236496,0.1439665178
preopen,278,2026-10-09,dev:multi/gbm,0.3463416471,0.5597260461,0.09393230682
preopen,120,2026-02-24,dev:pooled/logit,0.4823121668,0.4400898408,0.07759799241
preopen,121,2026-02-25,dev:pooled/logit,0.4808133524,0.4225905008,0.0965961468
preopen,122,2026-02-26,dev:pooled/logit,0.4548075883,0.4662059668,0.07898644489
preopen,123,2026-02-27,dev:pooled/logit,0.3775721468,0.5765667341,0.0458611191
preopen,124,2026-03-02,dev:pooled/logit,0.3184515593,0.6295659406,0.05198250012
preopen,125,2026-03-03,dev:pooled/logit,0.2903398388,0.6711624659,0.03849769528
preopen,126,2026-03-04,dev:pooled/logit,0.423838973,0.503115943,0.07304508404
preopen,127,2026-03-05,dev:pooled/logit,0.3571001952,0.5849588698,0.05794093501
preopen,128,2026-03-06,dev:pooled/logit,0.3440243794,0.6209339275,0.03504169307
preopen,129,2026-03-09,dev:pooled/logit,0.4012048677,0.546540312,0.05225482029
preopen,130,2026-03-10,dev:pooled/logit,0.382852664,0.5350578426,0.08208949343
preopen,131,2026-03-11,dev:pooled/logit,0.4808765649,0.4307278894,0.08839554566
preopen,132,2026-03-12,dev:pooled/logit,0.5875040861,0.3454208446,0.06707506924
preopen,133,2026-03-13,dev:pooled/logit,0.6386766339,0.290969181,0.07035418502
preopen,134,2026-03-16,dev:pooled/logit,0.5460796841,0.3631405907,0.09077972514
preopen,135,2026-03-17,dev:pooled/logit,0.4932160977,0.382079874,0.1247040283
preopen,136,2026-03-18,dev:pooled/logit,0.392274623,0.5339950927,0.07373028435
preopen,137,2026-03-19,dev:pooled/logit,0.3935661449,0.5583702931,0.04806356205
preopen,138,2026-03-20,dev:pooled/logit,0.427791405,0.4889801385,0.0832284565
preopen,139,2026-03-23,dev:pooled/logit,0.4760656741,0.4539488163,0.0699855096
preopen,140,2026-03-24,dev:pooled/logit,0.4240546374,0.5074504234,0.06849493922
preopen,141,2026-03-25,dev:pooled/logit,0.4329416891,0.4758715771,0.09118673376
preopen,142,2026-03-26,dev:pooled/logit,0.4247463359,0.4821162907,0.09313737334
preopen,143,2026-03-27,dev:pooled/logit,0.4403793011,0.4681617936,0.09145890523
preopen,144,2026-03-30,dev:pooled/logit,0.4760332447,0.4323731333,0.091593622
preopen,145,2026-03-31,dev:pooled/logit,0.4657117149,0.4455264903,0.08876179477
preopen,146,2026-04-01,dev:pooled/logit,0.3736154732,0.5302149848,0.09616954194
preopen,147,2026-04-02,dev:pooled/logit,0.418658408,0.4949999758,0.0863416162
preopen,148,2026-04-06,dev:pooled/logit,0.4519825114,0.4656467247,0.08237076395
preopen,149,2026-04-07,dev:pooled/logit,0.42730415,0.4743417755,0.09835407457
preopen,150,2026-04-08,dev:pooled/logit,0.4010402989,0.4786865823,0.1202731188
preopen,151,2026-04-09,dev:pooled/logit,0.5117208786,0.3948440251,0.09343509628
preopen,152,2026-04-10,dev:pooled/logit,0.4636551806,0.4360098256,0.1003349938
preopen,153,2026-04-13,dev:pooled/logit,0.4959649672,0.4039047751,0.1001302578
preopen,154,2026-04-14,dev:pooled/logit,0.4554699021,0.434415749,0.1101143489
preopen,155,2026-04-15,dev:pooled/logit,0.458709305,0.4305310845,0.1107596105
preopen,156,2026-04-16,dev:pooled/logit,0.4458136685,0.4386508509,0.1155354806
preopen,157,2026-04-17,dev:pooled/logit,0.4506542872,0.4384871867,0.1108585262
preopen,158,2026-04-20,dev:pooled/logit,0.4835044833,0.4151658376,0.1013296791
preopen,159,2026-04-21,dev:pooled/logit,0.4640513584,0.4348401636,0.101108478
preopen,160,2026-04-22,dev:pooled/logit,0.4976764808,0.3781352201,0.1241882991
preopen,161,2026-04-23,dev:pooled/logit,0.4577246069,0.4437980738,0.09847731923
preopen,162,2026-04-24,dev:pooled/logit,0.4475866377,0.4308719496,0.1215414127
preopen,163,2026-04-27,dev:pooled/logit,0.43374037,0.464155353,0.102104277
preopen,164,2026-04-28,dev:pooled/logit,0.4436927916,0.4656300002,0.09067720816
preopen,165,2026-04-29,dev:pooled/logit,0.3693484885,0.5068475414,0.1238039701
preopen,166,2026-04-30,dev:pooled/logit,0.4037014784,0.483340429,0.1129580926
preopen,167,2026-05-01,dev:pooled/logit,0.3863407867,0.4720122096,0.1416470038
preopen,168,2026-05-04,dev:pooled/logit,0.4482553889,0.4478328972,0.103911714
preopen,169,2026-05-05,dev:pooled/logit,0.4949143351,0.3863996644,0.1186860005
preopen,170,2026-05-06,dev:pooled/logit,0.4021031231,0.4926106381,0.1052862387
preopen,171,2026-05-07,dev:pooled/logit,0.4433691934,0.4436343788,0.1129964278
preopen,172,2026-05-08,dev:pooled/logit,0.4588268758,0.4429779684,0.09819515571
preopen,173,2026-05-11,dev:pooled/logit,0.4128927597,0.479281961,0.1078252792
preopen,174,2026-05-12,dev:pooled/logit,0.4164575685,0.492254124,0.09128830751
preopen,175,2026-05-13,dev:pooled/logit,0.4356737001,0.4482984279,0.116027872
preopen,176,2026-05-14,dev:pooled/logit,0.3754414387,0.5218633709,0.1026951904
preopen,177,2026-05-15,dev:pooled/logit,0.4319849391,0.4793887391,0.0886263218
preopen,178,2026-05-18,dev:pooled/logit,0.455936128,0.4376784847,0.1063853874
preopen,179,2026-05-19,dev:pooled/logit,0.4175227617,0.50338616,0.07909107834
preopen,180,2026-05-20,dev:pooled/logit,0.4584003973,0.4443097737,0.09728982901
preopen,181,2026-05-21,dev:pooled/logit,0.4283013763,0.4831942661,0.08850435756
preopen,182,2026-05-22,dev:pooled/logit,0.4550302583,0.4341841132,0.1107856285
preopen,183,2026-05-26,dev:pooled/logit,0.4744699416,0.4120287934,0.113501265
preopen,184,2026-05-27,dev:pooled/logit,0.4447822076,0.4598421869,0.09537560553
preopen,185,2026-05-28,dev:pooled/logit,0.4537990477,0.4551913795,0.09100957282
preopen,186,2026-05-29,dev:pooled/logit,0.4866883748,0.4138964934,0.09941513178
preopen,187,2026-06-01,dev:pooled/logit,0.3857169537,0.5324737917,0.08180925465
preopen,188,2026-06-02,dev:pooled/logit,0.4868438204,0.4207513494,0.09240483023
preopen,189,2026-06-03,dev:pooled/logit,0.4699578473,0.4319542615,0.09808789122
preopen,190,2026-06-04,dev:pooled/logit,0.4585748722,0.4656186294,0.07580649838
preopen,191,2026-06-05,dev:pooled/logit,0.4131053649,0.5232944918,0.0636001433
preopen,192,2026-06-08,dev:pooled/logit,0.4971375772,0.3761990245,0.1266633983
preopen,193,2026-06-09,dev:pooled/logit,0.4788302867,0.4153537288,0.1058159845
preopen,194,2026-06-10,dev:pooled/logit,0.504400433,0.4173531654,0.07824640153
preopen,195,2026-06-11,dev:pooled/logit,0.5448007898,0.3833779599,0.07182125024
preopen,196,2026-06-12,dev:pooled/logit,0.4648436368,0.4370777316,0.09807863165
preopen,197,2026-06-15,dev:pooled/logit,0.4657348492,0.3946731268,0.139592024
preopen,198,2026-06-16,dev:pooled/logit,0.4552503016,0.4548497072,0.08989999128
preopen,199,2026-06-17,dev:pooled/logit,0.4300891576,0.4685849199,0.1013259225
preopen,200,2026-06-18,dev:pooled/logit,0.4538492205,0.406652909,0.1394978705
preopen,201,2026-06-22,dev:pooled/logit,0.4444277465,0.4513607692,0.1042114843
preopen,202,2026-06-23,dev:pooled/logit,0.4953417669,0.4400035381,0.06465469503
preopen,203,2026-06-24,dev:pooled/logit,0.4521948574,0.4630090772,0.08479606539
preopen,204,2026-06-25,dev:pooled/logit,0.4247174346,0.4711153632,0.1041672023
preopen,205,2026-06-26,dev:pooled/logit,0.4570224247,0.452073023,0.09090455224
preopen,206,2026-06-29,dev:pooled/logit,0.4363392034,0.4700724873,0.09358830927
preopen,207,2026-06-30,dev:pooled/logit,0.4436093353,0.4571693942,0.09922127054
preopen,208,2026-07-01,dev:pooled/logit,0.3751794221,0.5243014774,0.1005191004
preopen,209,2026-07-02,dev:pooled/logit,0.4374649156,0.47790127,0.08463381443
preopen,210,2026-07-06,dev:pooled/logit,0.4395190133,0.4677762142,0.09270477256
preopen,211,2026-07-07,dev:pooled/logit,0.4592495227,0.4533088852,0.0874415921
preopen,212,2026-07-08,dev:pooled/logit,0.4549218098,0.4360481486,0.1090300417
preopen,213,2026-07-09,dev:pooled/logit,0.4310754816,0.456755276,0.1121692424
preopen,214,2026-07-10,dev:pooled/logit,0.4551825001,0.4461170301,0.09870046987
preopen,215,2026-07-13,dev:pooled/logit,0.4556522606,0.4546392204,0.08970851903
preopen,216,2026-07-14,dev:pooled/logit,0.4376682082,0.4500667027,0.1122650891
preopen,217,2026-07-15,dev:pooled/logit,0.4392184018,0.4601423333,0.1006392649
preopen,218,2026-07-16,dev:pooled/logit,0.4802903481,0.4318819499,0.08782770194
preopen,219,2026-07-17,dev:pooled/logit,0.4861152035,0.4450192485,0.06886554799
preopen,220,2026-07-20,dev:pooled/logit,0.4523877726,0.44872059,0.09889163734
preopen,221,2026-07-21,dev:pooled/logit,0.4767334212,0.4116276801,0.1116388987
preopen,222,2026-07-22,dev:pooled/logit,0.4763122121,0.4189895393,0.1046982486
preopen,223,2026-07-23,dev:pooled/logit,0.4658855574,0.4678807177,0.06623372491
preopen,224,2026-07-24,dev:pooled/logit,0.4618020587,0.4537454718,0.08445246943
preopen,225,2026-07-27,dev:pooled/logit,0.439410866,0.4627287289,0.09786040519
preopen,226,2026-07-28,dev:pooled/logit,0.4557792543,0.4579356159,0.08628512989
preopen,227,2026-07-29,dev:pooled/logit,0.3914913861,0.4967044672,0.1118041467
preopen,228,2026-07-30,dev:pooled/logit,0.4637769408,0.4208361894,0.1153868698
preopen,229,2026-07-31,dev:pooled/logit,0.4578270141,0.4188920692,0.1232809167
preopen,230,2026-08-03,dev:pooled/logit,0.3847507095,0.492057657,0.1231916335
preopen,231,2026-08-04,dev:pooled/logit,0.4461324416,0.4456125019,0.1082550565
preopen,232,2026-08-05,dev:pooled/logit,0.461098406,0.4330482,0.105853394
preopen,233,2026-08-06,dev:pooled/logit,0.4727719282,0.446141883,0.08108618884
preopen,234,2026-08-07,dev:pooled/logit,0.406873874,0.5010399837,0.09208614236
preopen,235,2026-08-10,dev:pooled/logit,0.4666520642,0.4304079202,0.1029400156
preopen,236,2026-08-11,dev:pooled/logit,0.4841760653,0.4190216872,0.09680224747
preopen,237,2026-08-12,dev:pooled/logit,0.4798154348,0.4095775904,0.1106069748
preopen,238,2026-08-13,dev:pooled/logit,0.502434864,0.3989367419,0.09862839416
preopen,239,2026-08-14,dev:pooled/logit,0.4781454919,0.4368593502,0.08499515791
preopen,240,2026-08-17,dev:pooled/logit,0.4834521077,0.4158936969,0.1006541953
preopen,241,2026-08-18,dev:pooled/logit,0.4753846392,0.4416469868,0.08296837407
preopen,242,2026-08-19,dev:pooled/logit,0.4471388772,0.4399909506,0.1128701722
preopen,243,2026-08-20,dev:pooled/logit,0.4657454206,0.4413083371,0.09294624238
preopen,244,2026-08-21,dev:pooled/logit,0.4640249836,0.4403621593,0.09561285707
preopen,245,2026-08-24,dev:pooled/logit,0.4669768481,0.4376890478,0.09533410409
preopen,246,2026-08-25,dev:pooled/logit,0.4518824994,0.4511901879,0.09692731269
preopen,247,2026-08-26,dev:pooled/logit,0.4783092745,0.4402670426,0.08142368289
preopen,248,2026-08-27,dev:pooled/logit,0.4416283714,0.4439348609,0.1144367677
preopen,249,2026-08-28,dev:pooled/logit,0.4536632249,0.4449445105,0.1013922646
preopen,250,2026-08-31,dev:pooled/logit,0.5052540819,0.4025227176,0.0922232005
preopen,251,2026-09-01,dev:pooled/logit,0.4063633459,0.4913060144,0.1023306397
preopen,252,2026-09-02,dev:pooled/logit,0.4954355492,0.4050602948,0.09950415604
preopen,253,2026-09-03,dev:pooled/logit,0.4381140553,0.4475879187,0.114298026
preopen,254,2026-09-04,dev:pooled/logit,0.4529062786,0.4602493923,0.08684432911
preopen,255,2026-09-08,dev:pooled/logit,0.454454451,0.4397857202,0.1057598288
preopen,256,2026-09-09,dev:pooled/logit,0.4789671008,0.4162176888,0.1048152104
preopen,257,2026-09-10,dev:pooled/logit,0.5628537562,0.3822345418,0.05491170199
preopen,258,2026-09-11,dev:pooled/logit,0.4704660733,0.4397511716,0.08978275508
preopen,259,2026-09-14,dev:pooled/logit,0.5136989981,0.4140877828,0.07221321908
preopen,260,2026-09-15,dev:pooled/logit,0.4673871885,0.4403860589,0.09222675263
preopen,261,2026-09-16,dev:pooled/logit,0.400752615,0.4924441531,0.106803232
preopen,262,2026-09-17,dev:pooled/logit,0.4505130017,0.4421194673,0.107367531
preopen,263,2026-09-18,dev:pooled/logit,0.4651360138,0.432632858,0.1022311282
preopen,264,2026-09-21,dev:pooled/logit,0.4313201443,0.4725095796,0.09617027609
preopen,265,2026-09-22,dev:pooled/logit,0.4328860508,0.4638125352,0.1033014139
preopen,266,2026-09-23,dev:pooled/logit,0.4687365618,0.4227455967,0.1085178415
preopen,267,2026-09-24,dev:pooled/logit,0.49383539,0.4045652106,0.1015993994
preopen,268,2026-09-25,dev:pooled/logit,0.4379554965,0.4733236292,0.08872087429
preopen,269,2026-09-28,dev:pooled/logit,0.4519523786,0.4495356578,0.09851196361
preopen,270,2026-09-29,dev:pooled/logit,0.4787821506,0.4243516597,0.09686618972
preopen,271,2026-09-30,dev:pooled/logit,0.4188673732,0.4924020529,0.08873057391
preopen,272,2026-10-01,dev:pooled/logit,0.3949083574,0.4766080757,0.1284835669
preopen,273,2026-10-02,dev:pooled/logit,0.4000598568,0.4972629232,0.10267722
preopen,274,2026-10-05,dev:pooled/logit,0.4792842762,0.4126890161,0.1080267077
preopen,275,2026-10-06,dev:pooled/logit,0.4624460166,0.4383825463,0.09917143704
preopen,276,2026-10-07,dev:pooled/logit,0.4828693024,0.4188044956,0.098326202
preopen,277,2026-10-08,dev:pooled/logit,0.4581508572,0.434578064,0.1072710788
preopen,278,2026-10-09,dev:pooled/logit,0.4742673232,0.4346573764,0.09107530042
